,pl_name,Region,Sector,System,Suns,Moons,Class,Points of interest,Planet,Terrain,Atmosphere,Climate,Species,Diameter,Length of day,Length of year,Alternative Names,Star Type,Light-Years,Parsec,Coordinates,Born,Nationality,IMDb,Appeared in,Played,Directed by,Starring,Publisher,Released,Length,Followed by,Author(s),Release date(s),Pages,Date of birth,Place of birth,Rank,Relatives,Affiliation,Status,Gender,Height,Hair color,Eye color,Notable facts,Portrayed by,Contains,Series,Produced by,Written by,Music,Cinematography,Editing,Production comapnies,Distributed by,Running time,Budget,Worldwide gross,Rating,Preceded by,Developer,Genre(s),Platform(s),Editor,Staff writers,Frequency,First issue,Last issue,Country,Years active:,Ethnicity:,Notable members:,Major activities:,Composed by,Label,Manufacturer,Model,Reg.,Width,Mass,Cost,Counterpart(s),Type,Size,Feed system,Fire mode(s),Ammunition,Operation,Rate of fire,Range,Era(s),Classification,Location,First appearance,Last appearance
0,,,,,,,,,,,,,,,,,,,,,,,,,,,,,,,,,,,,,,,,,,,,,,,,,,,,,,,,,,,,,,,,,,,,,,,,,,,,,,,,,,,,,,,,,,,,,,,,
1,,,,,,,,,,,,,,,,,,,,,,,,,,,,,,,,,,,,,,,,,,,,,,,,,,,,,,,,,,,,,,,,,,,,,,,,,,,,,,,,,,,,,,,,,,,,,,,,
2,,,,,,,,,,,,,,,,,,,,,,,,,,,,,,,,,,,,,,,,,,,,,,,,,,,,,,,,,,,,,,,,,,,,,,,,,,,,,,,,,,,,,,,,,,,,,,,,
3,Alpha Caeli V,Frontier (American Arm),Far Reach,Alpha Caeli System,Alpha Caeli V A & B,Alpha Caeli VaSolomons (Alpha Caeli Vb-h),Gas Giant,,,,,,,,,,,,,,,,,,,,,,,,,,,,,,,,,,,,,,,,,,,,,,,,,,,,,,,,,,,,,,,,,,,,,,,,,,,,,,,,,,,,,,,,,
4,,,,,,,,,,,,,,,,,,,,,,,,,,,,,,,,,,,,,,,,,,,,,,,,,,,,,,,,,,,,,,,,,,,,,,,,,,,,,,,,,,,,,,,,,,,,,,,,
5,Arcturia,,,,,,Terrestrial,Dehclor Sector,,,,,,,,,,,,,,,,,,,,,,,,,,,,,,,,,,,,,,,,,,,,,,,,,,,,,,,,,,,,,,,,,,,,,,,,,,,,,,,,,,,,,,,,
6,,,,,,,,,,,,,,,,,,,,,,,,,,,,,,,,,,,,,,,,,,,,,,,,,,,,,,,,,,,,,,,,,,,,,,,,,,,,,,,,,,,,,,,,,,,,,,,,
7,Ataegina,,,,1,3,Earth-Like,Lemeth Hold Dakatera Keflan Black Smoke Mountain Boiling plains Manroon Island,Ataegina,Islands Mountains Coastal plains Volcanic plains Lakes,Breathable,Variable,,,,,,,,,,,,,,,,,,,,,,,,,,,,,,,,,,,,,,,,,,,,,,,,,,,,,,,,,,,,,,,,,,,,,,,,,,,,,,,,,,,,
8,Alpha Centauri A V,Core Systems (Anglo-Japanese Arm),Hyperdyne Sector,Alpha Centauri System,Rigel Kentaurus (Alpha Centauri A),,,Redlake Field ASFBUSCMC Reserve Barracks,,,Breathable,,Human,,,,,,,,,,,,,,,,,,,,,,,,,,,,,,,,,,,,,,,,,,,,,,,,,,,,,,,,,,,,,,,,,,,,,,,,,,,,,,,,,,,
9,B54C,Core Systems (Anglo-Japanese Arm),Hyperdyne Sector,Alpha Centauri System,Toliman (Alpha Centauri B),,,Mining OutpostXenomorph Research Station,,Rock and Lava,Breathable,,Human,,,,,,,,,,,,,,,,,,,,,,,,,,,,,,,,,,,,,,,,,,,,,,,,,,,,,,,,,,,,,,,,,,,,,,,,,,,,,,,,,,,
10,,,,,,,,,,,,,,,,,,,,,,,,,,,,,,,,,,,,,,,,,,,,,,,,,,,,,,,,,,,,,,,,,,,,,,,,,,,,,,,,,,,,,,,,,,,,,,,,
11,Mu Herculis A III,Outer Rim Territories (American Arm),Crestus Prime Cluster,Mu Herculis System,Mu Herculis A,,,Tithonis MountainUSCMC 1st Colonial Support Group Base,,,Breathable,,Human,,,,,,,,,,,,,,,,,,,,,,,,,,,,,,,,,,,,,,,,,,,,,,,,,,,,,,,,,,,,,,,,,,,,,,,,,,,,,,,,,,,
12,BG-386,,,WY-BG-3[1],One,,,Yautja pyramidCombat arenaFreya's Prospect,,,,,Yautja (formerly)XenomorphsHumans (formerly),,,,,,,,,,,,,,,,,,,,,,,,,,,,,,,,,,,,,,,,,,,,,,,,,,,,,,,,,,,,,,,,,,,,,,,,,,,,,,,,,,,
13,,,,,,,,,,,,,,,,,,,,,,,,,,,,,,,,,,,,,,,,,,,,,,,,,,,,,,,,,,,,,,,,,,,,,,,,,,,,,,,,,,,,,,,,,,,,,,,,
14,,,,,,,,,,,,,,,,,,,,,,,,,,,,,,,,,,,,,,,,,,,,,,,,,,,,,,,,,,,,,,,,,,,,,,,,,,,,,,,,,,,,,,,,,,,,,,,,
15,Gliese 326-3827B,Outer Rim (American Arm),Edge of Borodino and Cerberus Sectors,Gliese 326-3827 System,Gliese 326-3827,Joliet,Aquatic,Braken's World ColonyKelp farmsICMC64372 Alphatech Sector Base,,Shallow seas,Breathable,"Tropical to cool, clear skies, some gales and tsunamis",HumanXenomorph (non-native),,,,,,,,,,,,,,,,,,,,,,,,,,,,,,,,,,,,,,,,,,,,,,,,,,,,,,,,,,,,,,,,,,,,,,,,,,,,,,,,,,,
16,Bunda,,,,One,One,Terrestrial,Big Archey,,Jungle,Earth-like,,Monkey-like lizardsBirdsInsects,,,,,,,,,,,,,,,,,,,,,,,,,,,,,,,,,,,,,,,,,,,,,,,,,,,,,,,,,,,,,,,,,,,,,,,,,,,,,,,,,,,
17,Calpamos,,,Zeta2 Reticuli,2 (Binary System),Acheron (LV-426)LV-223One unnamed moon,,,,,"Hydrogen, Helium, trace gasses",,,,,,,,,,,,,,,,,,,,,,,,,,,,,,,,,,,,,,,,,,,,,,,,,,,,,,,,,,,,,,,,,,,,,,,,,,,,,,,,,,,,,
18,Celeste,Outer Veil (Independent Core System Colonies),Sector 3847,Gliese 832 System,Gliese 832,,Terrestrial,,,Land and water.,Breathable (Terraformed),Temperate,Humans (formerly),,,,,,,,,,,,,,,,,,,,,,,,,,,,,,,,,,,,,,,,,,,,,,,,,,,,,,,,,,,,,,,,,,,,,,,,,,,,,,,,,,,
19,,,,,,,,,,,,,,,,,,,,,,,,,,,,,,,,,,,,,,,,,,,,,,,,,,,,,,,,,,,,,,,,,,,,,,,,,,,,,,,,,,,,,,,,,,,,,,,,
20,,,,,,,,,,,,,,,,,,,,,,,,,,,,,,,,,,,,,,,,,,,,,,,,,,,,,,,,,,,,,,,,,,,,,,,,,,,,,,,,,,,,,,,,,,,,,,,,
21,Earth,,,Solar System,Sol,Luna,Terrestrial,,,"Forests, grasslands, deserts, jungles, wetlands, mountains, tundra, polar regions, oceans, lakes and rivers","78% nitrogen, 21% oxygen, 0.9% argon, 0.1% others (carbon dioxide, water, etc.)",Many climate zones,HumanCatDog,"12,756 km",,,,,,,,,,,,,,,,,,,,,,,,,,,,,,,,,,,,,,,,,,,,,,,,,,,,,,,,,,,,,,,,,,,,,,,,,,,,,,,,,,
22,,,,,,,,,,,,,,,,,,,,,,,,,,,,,,,,,,,,,,,,,,,,,,,,,,,,,,,,,,,,,,,,,,,,,,,,,,,,,,,,,,,,,,,,,,,,,,,,
23,,,,,,,,,,,,,,,,,,,,,,,,,,,,,,,,,,,,,,,,,,,,,,,,,,,,,,,,,,,,,,,,,,,,,,,,,,,,,,,,,,,,,,,,,,,,,,,,
24,,,,,,,,,,,,,,,,,,,,,,,,,,,,,,,,,,,,,,,,,,,,,,,,,,,,,,,,,,,,,,,,,,,,,,,,,,,,,,,,,,,,,,,,,,,,,,,,
25,,,,,,,,,,,,,,,,,,,,,,,,,,,,,,,,,,,,,,,,,,,,,,,,,,,,,,,,,,,,,,,,,,,,,,,,,,,,,,,,,,,,,,,,,,,,,,,,
26,"Fiorina ""Fury"" 161",Outer Veil,Neroid Sector[1],,2,,,,,,,,HumansFishRampant insect life,,,,,,,,,,,,,,,,,,,,,,,,,,,,,,,,,,,,,,,,,,,,,,,,,,,,,,,,,,,,,,,,,,,,,,,,,,,,,,,,,,,
27,Game Preserve Planet,,,,,,Terrestrial,,,"Jungles, forests, swamps",Breathable,,YautjaSuper PredatorsHumansRiver GhostsHell-Hounds,,,,,,,,,,,,,,,,,,,,,,,,,,,,,,,,,,,,,,,,,,,,,,,,,,,,,,,,,,,,,,,,,,,,,,,,,,,,,,,,,,,
28,Gamma Leporis B1,Frontier (American Arm),Near Tartarus Sector,Gamma Leporis System,Gamma Leporis B,,,Colony (formerly)Atmosphere Processing Plant (formerly),,Terrestrial,Breathable (Terraformed),,Human,,,,,,,,,,,,,,,,,,,,,,,,,,,,,,,,,,,,,,,,,,,,,,,,,,,,,,,,,,,,,,,,,,,,,,,,,,,,,,,,,,,
29,Gamma Leporis C2,Frontier (American Arm),Near Tartarus Sector,Gamma Leporis System,Gamma Leporis C,,,Seegson ColonyAtmosphere Processing Plant,,Terrestrial,Breathable (Terraformed),,Human,,,,,,,,,,,,,,,,,,,,,,,,,,,,,,,,,,,,,,,,,,,,,,,,,,,,,,,,,,,,,,,,,,,,,,,,,,,,,,,,,,,
30,70 Ophiuchi A V,Outer Veil (American Arm),American Corridor,70 Ophiuchi System,70 Ophiuchi A,,,USCMC MSF Herculis HQ,,,Breathable,,Human,,,,,,,,,,,,,,,,,,,,,,,,,,,,,,,,,,,,,,,,,,,,,,,,,,,,,,,,,,,,,,,,,,,,,,,,,,,,,,,,,,,
31,,,,,,,,,,,,,,,,,,,,,,,,,,,,,,,,,,,,,,,,,,,,,,,,,,,,,,,,,,,,,,,,,,,,,,,,,,,,,,,,,,,,,,,,,,,,,,,,
32,Gliese 581d,Outer Veil (Anglo-Japanese Arm),Sector 3847,Gliese 581 System,Gliese 581,,Terrestrial,Unity City,,,Breathable (Terraformed),,Human,,,,,,,,,,,,,,,,,,,,,,,,,,,,,,,,,,,,,,,,,,,,,,,,,,,,,,,,,,,,,,,,,,,,,,,,,,,,,,,,,,,
33,Gliese 581g,Outer Veil (Anglo-Japanese Arm),Sector 3847,Gliese 581 System,Gliese 581,Gliese 581g.01Gliese 581g.02,Terrestrial,Coronado Colony,,,Breathable (Terraformed),,Human,,,,,,,,,,,,,,,,,,,,,,,,,,,,,,,,,,,,,,,,,,,,,,,,,,,,,,,,,,,,,,,,,,,,,,,,,,,,,,,,,,,
34,Gliese 581g.02,Outer Veil (Anglo-Japanese Arm),Sector 3847,Gliese 581 System,Gliese 581,,,,Gliese 581g,,,,,,,,,,,,,,,,,,,,,,,,,,,,,,,,,,,,,,,,,,,,,,,,,,,,,,,,,,,,,,,,,,,,,,,,,,,,,,,,,,,,,,,
35,Gliese 667Cb,Outer Veil (American Arm),Sector 3847,Gliese 667 System,Gliese 667C,,Terrestrial,Levon Colony,,,Breathable (Terraformed)Helium-3,,Human,Approximately 14 223 km,,,,,,,,,,,,,,,,,,,,,,,,,,,,,,,,,,,,,,,,,,,,,,,,,,,,,,,,,,,,,,,,,,,,,,,,,,,,,,,,,,
36,Gliese 667Cc,Outer Veil (American Arm),Sector 3847,Gliese 667 System,Gliese 667C,,Terrestrial,Morrison Outpost,,,Breathable (Terraformed),,Human,Approximately 11 289 km,,,,,,,,,,,,,,,,,,,,,,,,,,,,,,,,,,,,,,,,,,,,,,,,,,,,,,,,,,,,,,,,,,,,,,,,,,,,,,,,,,
37,Gliese 667Cd,Outer Veil (American Arm),Sector 3847,Gliese 667 System,Gliese 667C,,Terrestrial,Dante Colony,,,Breathable (Terraformed),,Human,,,,,,,,,,,,,,,,,,,,,,,,,,,,,,,,,,,,,,,,,,,,,,,,,,,,,,,,,,,,,,,,,,,,,,,,,,,,,,,,,,,
38,Gliese 876b,Outer Veil (UPP Sector),,Gliese 876 System,Gliese 876,,Terrestrial,Xiwang Colony,,,Breathable (Terraformed),,Human,Approximately 85 075 km,,,,,,,,,,,,,,,,,,,,,,,,,,,,,,,,,,,,,,,,,,,,,,,,,,,,,,,,,,,,,,,,,,,,,,,,,,,,,,,,,,
39,Gliese 876c,Outer Veil (UPP Sector),,Gliese 876 System,Gliese 876,,Terrestrial,Chiu Outpost,,,Breathable (Terraformed),Temperate,Human,Approximately 89 365 km,,,,,,,,,,,,,,,,,,,,,,,,,,,,,,,,,,,,,,,,,,,,,,,,,,,,,,,,,,,,,,,,,,,,,,,,,,,,,,,,,,
40,Gliese 876d,Outer Veil (UPP Sector),,Gliese 876 System,Gliese 876,,Terrestrial,Wan An Outpost,,Forests,Breathable (Terraformed),Arid (formerly)Temperate,Human,Approximately 16 014 km,,,,,,,,,,,,,,,,,,,,,,,,,,,,,,,,,,,,,,,,,,,,,,,,,,,,,,,,,,,,,,,,,,,,,,,,,,,,,,,,,,
41,,,,,,,,,,,,,,,,,,,,,,,,,,,,,,,,,,,,,,,,,,,,,,,,,,,,,,,,,,,,,,,,,,,,,,,,,,,,,,,,,,,,,,,,,,,,,,,,
42,HAT-P-13c,Outer Veil (UPP Sector),,HAT-P-13 System,HAT P-13,13,Gas Giant,,,,,,,Approximately 78 641 km,,,,,,,,,,,,,,,,,,,,,,,,,,,,,,,,,,,,,,,,,,,,,,,,,,,,,,,,,,,,,,,,,,,,,,,,,,,,,,,,,,
43,HAT-P-13cm,Outer Veil (UPP Sector),,HAT-P-13 System,HAT P-13,,Terrestrial,Zeus Colony,HAT-P-13c,,Breathable (Terraformed),,Human,,,,,,,,,,,,,,,,,,,,,,,,,,,,,,,,,,,,,,,,,,,,,,,,,,,,,,,,,,,,,,,,,,,,,,,,,,,,,,,,,,,
44,HD 10697b,Outer Veil (UPP Sector),,HD 10697 System,HD 10697,13,Gas Giant,,,,,,,Approximately 80 786 km,,,,,,,,,,,,,,,,,,,,,,,,,,,,,,,,,,,,,,,,,,,,,,,,,,,,,,,,,,,,,,,,,,,,,,,,,,,,,,,,,,
45,HD 10697bm,Outer Veil (UPP Sector),,HD 10697 System,HD 10697,,Terrestrial,Tagg Colony,HD 10697b,,Breathable (Terraformed),,Human,,,,,,,,,,,,,,,,,,,,,,,,,,,,,,,,,,,,,,,,,,,,,,,,,,,,,,,,,,,,,,,,,,,,,,,,,,,,,,,,,,,
46,HD 202206b,Outer Veil (Anglo-Japanese Arm),,HD 202206 System,HD 202206,13,Brown dwarf,,,,,,,,,,,,,,,,,,,,,,,,,,,,,,,,,,,,,,,,,,,,,,,,,,,,,,,,,,,,,,,,,,,,,,,,,,,,,,,,,,,,,,,,,
47,HD 202206bm,Outer Veil (Anglo-Japanese Arm),,HD 202206 System,HD 202206,,Terrestrial,Henri Gaston Colony,HD 202206b,,Breathable (Terraformed),,Human,,,,,,,,,,,,,,,,,,,,,,,,,,,,,,,,,,,,,,,,,,,,,,,,,,,,,,,,,,,,,,,,,,,,,,,,,,,,,,,,,,,
48,HD 39091b,Core Systems (ICSC Sector),New Eden Sector,HD 39091 System,HD 39091,13,Gas Giant,,,,,,,Approximately 78 641 km,,,,,,,,,,,,,,,,,,,,,,,,,,,,,,,,,,,,,,,,,,,,,,,,,,,,,,,,,,,,,,,,,,,,,,,,,,,,,,,,,,
49,HD 39091bm,Core Systems (ICSC Sector),New Eden Sector,HD 39091 System,HD 39091,,Terrestrial,Olympia Colony,HD 39091b,,Breathable (Terraformed),,Human,,,,,,,,,,,,,,,,,,,,,,,,,,,,,,,,,,,,,,,,,,,,,,,,,,,,,,,,,,,,,,,,,,,,,,,,,,,,,,,,,,,
50,HD 85512b,Outer Veil (Anglo-Japanese Arm),Neroid Sector,HD 85512 System,HD 85512,,Terrestrial,New Earth ColonyClass E Prison,,,Breathable (Terraformed),,Human,Approximately 10 970 km,,,,,,,,,,,,,,,,,,,,,,,,,,,,,,,,,,,,,,,,,,,,,,,,,,,,,,,,,,,,,,,,,,,,,,,,,,,,,,,,,,
51,HD 86264b,Core Systems (Anglo-Japanese Arm),,HD 86264 System,HD 86264,13,Gas Giant,,,,,,,Approximately 80 786 km,,,,,,,,,,,,,,,,,,,,,,,,,,,,,,,,,,,,,,,,,,,,,,,,,,,,,,,,,,,,,,,,,,,,,,,,,,,,,,,,,,
52,HD 86264bm,Core Systems (Anglo-Japanese Arm),,HD 86264 System,HD 86264,,Terrestrial,Statler Colony,HD 86264b,,Breathable (Terraformed),,Human,,,,,,,,,,,,,,,,,,,,,,,,,,,,,,,,,,,,,,,,,,,,,,,,,,,,,,,,,,,,,,,,,,,,,,,,,,,,,,,,,,,
53,82 Eridani II,Outer Veil (Anglo-Japanese Arm),Bao Sau Sector,82 Eridani System,82 Eridani,,,Happy DaysTokonigara colonyShinowa colony,,Jungle,Breathable,,Human,,,,,,,,,,,,,,,,,,,,,,,,,,,,,,,,,,,,,,,,,,,,,,,,,,,,,,,,,,,,,,,,,,,,,,,,,,,,,,,,,,,
54,,,,,,,,,,,,,,,,,,,,,,,,,,,,,,,,,,,,,,,,,,,,,,,,,,,,,,,,,,,,,,,,,,,,,,,,,,,,,,,,,,,,,,,,,,,,,,,,
55,Jericho 3,,,Unknown,1 (unnamed),,,V-22 (testing facility)Prototype colony,,,,VariableExtreme highs and lows,,,,,,,,,,,,,,,,,,,,,,,,,,,,,,,,,,,,,,,,,,,,,,,,,,,,,,,,,,,,,,,,,,,,,,,,,,,,,,,,,,,,
56,Joliet,Outer Rim (American Arm),Edge of Borodino and Cerberus Sectors,Gliese 326-3827 System,Gliese 326-3827,,Terrestrial,Alphatech Joliet Mining Facility,Bracken's World,,Breathable,,Human (formerly)Xenomorph (non-native),,,,,,,,,,,,,,,,,,,,,,,,,,,,,,,,,,,,,,,,,,,,,,,,,,,,,,,,,,,,,,,,,,,,,,,,,,,,,,,,,,,
57,JPG-973c,Frontier (Anglo-Japanese Sector),Weyland Isles Sector,JPG-973 System,JPG-973,,,Tark-Weyland Station,,,,,Human,,,,,,,,,,,,,,,,,,,,,,,,,,,,,,,,,,,,,,,,,,,,,,,,,,,,,,,,,,,,,,,,,,,,,,,,,,,,,,,,,,,
58,Jupiter,,,Solar System,Sol,IoEuropaGanymedeCallistoNumerous others,Gas Giant,,,,"88–92% hydrogen8–12% helium1% others (methane, water vapor, ammonia, etc.)",,,"139,822 km",9.9 hours,12 years,,,,,,,,,,,,,,,,,,,,,,,,,,,,,,,,,,,,,,,,,,,,,,,,,,,,,,,,,,,,,,,,,,,,,,,,,,,,,,,,
59,,,,,,,,,,,,,,,,,,,,,,,,,,,,,,,,,,,,,,,,,,,,,,,,,,,,,,,,,,,,,,,,,,,,,,,,,,,,,,,,,,,,,,,,,,,,,,,,
60,Kepler-22b,Outer Rim (UPP Sector),,Kepler-22 System,Kepler-22,,,Pozhalujsta OutpostVanderaart Outpost,,,Breathable (Terraformed),,Human,Approximately 15 156 km,,,,,,,,,,,,,,,,,,,,,,,,,,,,,,,,,,,,,,,,,,,,,,,,,,,,,,,,,,,,,,,,,,,,,,,,,,,,,,,,,,
61,KG-348,Frontier,,Zeta Reticuli,,,Gas Giant,Sevastopol Station,,,Helium-3,,,,,,,,,,,,,,,,,,,,,,,,,,,,,,,,,,,,,,,,,,,,,,,,,,,,,,,,,,,,,,,,,,,,,,,,,,,,,,,,,,,,,
62,,,,,,,,,,,,,,,,,,,,,,,,,,,,,,,,,,,,,,,,,,,,,,,,,,,,,,,,,,,,,,,,,,,,,,,,,,,,,,,,,,,,,,,,,,,,,,,,
63,KOI-227.01,Outer Rim (UPP Sector),,KOI-227 System,KOI-227,,Terrestrial,Hualien Colony,,,Breathable (Terraformed),,Human,Approximately 9 312 km,,,,,,,,,,,,,,,,,,,,,,,,,,,,,,,,,,,,,,,,,,,,,,,,,,,,,,,,,,,,,,,,,,,,,,,,,,,,,,,,,,
64,Kepler-1663b,Outer Rim (UPP Sector),,Kepler-1663 System,Kepler-1663,,Ice giant,September Outpost,,,Breathable (Terraformed),Cold,Human,Approximately 41 247 km,,,,,,,,,,,,,,,,,,,,,,,,,,,,,,,,,,,,,,,,,,,,,,,,,,,,,,,,,,,,,,,,,,,,,,,,,,,,,,,,,,
65,Kepler-505b,Outer Veil (UPP Sector),,Kepler-505 System,Kepler-505,,Ice Giant,Honshu Colony,,,Breathable (Terraformed),,Human,Approximately 16 219 km,,,,,,,,,,,,,,,,,,,,,,,,,,,,,,,,,,,,,,,,,,,,,,,,,,,,,,,,,,,,,,,,,,,,,,,,,,,,,,,,,,
66,KOI-268.01,Uncharted Space,,KOI-268 System,KOI-268,,Super Earth,June Outpost,,,Breathable (Terraformed),,Human,Approximately 22 936 km,,,,,,,,,,,,,,,,,,,,,,,,,,,,,,,,,,,,,,,,,,,,,,,,,,,,,,,,,,,,,,,,,,,,,,,,,,,,,,,,,,
67,Kepler-138c,Uncharted Space,,Kepler-138 System,Kepler-138,,Super Earth,Atlas City,,,Breathable (Terraformed),,Human,Approximately 15 252 km,,,,,,,,,,,,,,,,,,,,,,,,,,,,,,,,,,,,,,,,,,,,,,,,,,,,,,,,,,,,,,,,,,,,,,,,,,,,,,,,,,
68,KOI-323.08,Uncharted Space,,Kepler-523 System,Kepler-523,,,Research facility,,,,,,,,,,,,,,,,,,,,,,,,,,,,,,,,,,,,,,,,,,,,,,,,,,,,,,,,,,,,,,,,,,,,,,,,,,,,,,,,,,,,,,,,
69,Kepler-155c,Outer Veil (UPP Sector),,Kepler-155 System,Kepler-155,,Ice Giant,Horizon City,,,Breathable (Terraformed),,Human,Approximately 13 982 km,,,,,,,,,,,,,,,,,,,,,,,,,,,,,,,,,,,,,,,,,,,,,,,,,,,,,,,,,,,,,,,,,,,,,,,,,,,,,,,,,,
70,Kepler-159c,Outer Rim (UPP Sector),,Kepler-159 System,Kepler-159,,Ice Giant,T'Toa Colony,,,Breathable (Terraformed),,Human,Approximately 21 253 km,,,,,,,,,,,,,,,,,,,,,,,,,,,,,,,,,,,,,,,,,,,,,,,,,,,,,,,,,,,,,,,,,,,,,,,,,,,,,,,,,,
71,Kepler-560b,Uncharted Space,,Kepler-560 System,Kepler-560,,Super Earth,Hera City,,,Breathable (Terraformed),,Human,Approximately 10 958 km,,,,,,,,,,,,,,,,,,,,,,,,,,,,,,,,,,,,,,,,,,,,,,,,,,,,,,,,,,,,,,,,,,,,,,,,,,,,,,,,,,
72,Kepler-577b,Outer Veil (UPP Sector),,Kepler-577 System,Kepler-577,,Ice Giant,Angkor Colony,,,Breathable (Terraformed),,Human,Approximately 16 229 km,,,,,,,,,,,,,,,,,,,,,,,,,,,,,,,,,,,,,,,,,,,,,,,,,,,,,,,,,,,,,,,,,,,,,,,,,,,,,,,,,,
73,Kepler-186d,Outer Veil (UPP Sector),,Kepler-186 System,Kepler-186,,Super Earth,Corinth Colony,,,Breathable (Terraformed),,Human,Approximately 7 973 km,,,,,,,,,,,,,,,,,,,,,,,,,,,,,,,,,,,,,,,,,,,,,,,,,,,,,,,,,,,,,,,,,,,,,,,,,,,,,,,,,,
74,Kepler-622b,Uncharted Space,,Kepler-622 System,Kepler-622,,Ice Giant,May Outpost,,,Breathable (Terraformed),,Human,Approximately 13 585 km,,,,,,,,,,,,,,,,,,,,,,,,,,,,,,,,,,,,,,,,,,,,,,,,,,,,,,,,,,,,,,,,,,,,,,,,,,,,,,,,,,
75,Kepler-205c,Uncharted Space,,Kepler-205 System,Kepler-205,,Ice Giant,Lutetia Colony,,,Breathable (Terraformed),,Human,Approximately 10 460 km,,,,,,,,,,,,,,,,,,,,,,,,,,,,,,,,,,,,,,,,,,,,,,,,,,,,,,,,,,,,,,,,,,,,,,,,,,,,,,,,,,
76,Kepler-62,Uncharted Space,,Kepler-62 System,Kepler-62,,Ice Giant,December Outpost,,,Breathable (Terraformed),,Human,Approximately 12 437 km,,,KOI-701KIC 6425957,Orange Dwarf,989.44,303.51,Spinward,,,,,,,,,,,,,,,,,,,,,,,,,,,,,,,,,,,,,,,,,,,,,,,,,,,,,,,,,,,,,,,,,,,,,,,,,,,
77,Kepler-62d,Uncharted Space,,Kepler-62 System,Kepler-62,,Ice Giant,December Outpost,,,Breathable (Terraformed),,Human,Approximately 12 437 km,,,,,,,,,,,,,,,,,,,,,,,,,,,,,,,,,,,,,,,,,,,,,,,,,,,,,,,,,,,,,,,,,,,,,,,,,,,,,,,,,,
78,KOI-723.06,Uncharted Space,,Kepler-222 System,Kepler-222,,Ice Giant,,,,Carbon-dioxyde,,,,,,,,,,,,,,,,,,,,,,,,,,,,,,,,,,,,,,,,,,,,,,,,,,,,,,,,,,,,,,,,,,,,,,,,,,,,,,,,,,,,,
79,Kepler-225c,Outer Rim (Anglo-Japanese Arm),Sector 949,Kepler-225 System,Kepler-225,,Aquatic,Davos Colony,,,Breathable (Terraformed),,Human,,,,,,,,,,,,,,,,,,,,,,,,,,,,,,,,,,,,,,,,,,,,,,,,,,,,,,,,,,,,,,,,,,,,,,,,,,,,,,,,,,,
80,Kepler-231c,Uncharted Space,,Kepler-231 System,Kepler-231,,Super Earth,Dylan City,,,Breathable (Terraformed),,Human,Approximately 12 310 km,,,,,,,,,,,,,,,,,,,,,,,,,,,,,,,,,,,,,,,,,,,,,,,,,,,,,,,,,,,,,,,,,,,,,,,,,,,,,,,,,,
81,Kepler-235d,Outer Veil (Anglo-Japanese Arm),,Kepler-235 System,Kepler-235,,Super Earth,Craft City,,,Breathable (Terraformed),,Human,Approximately 13 075 km,,,,,,,,,,,,,,,,,,,,,,,,,,,,,,,,,,,,,,,,,,,,,,,,,,,,,,,,,,,,,,,,,,,,,,,,,,,,,,,,,,
82,Kepler-235e,Outer Veil (Anglo-Japanese Arm),,Kepler-235 System,Kepler-235,,Ice Giant,Ruby Colony,,,Breathable (Terraformed),,Human,Approximately 14 159 km,,,,,,,,,,,,,,,,,,,,,,,,,,,,,,,,,,,,,,,,,,,,,,,,,,,,,,,,,,,,,,,,,,,,,,,,,,,,,,,,,,
83,Kepler-236b,Uncharted Space,,Kepler-236 System,Kepler-236,,Super Earth,Brahms Colony,,,Breathable (Terraformed),,Human,Approximately 12 756 km,,,,,,,,,,,,,,,,,,,,,,,,,,,,,,,,,,,,,,,,,,,,,,,,,,,,,,,,,,,,,,,,,,,,,,,,,,,,,,,,,,
84,Kepler-705b,Uncharted Space,,Kepler-705 System,Kepler-705,,Ice Giant,Luther Colony,,,Breathable (Terraformed),,Human,Approximately 13 458 km,,,,,,,,,,,,,,,,,,,,,,,,,,,,,,,,,,,,,,,,,,,,,,,,,,,,,,,,,,,,,,,,,,,,,,,,,,,,,,,,,,
85,Korari,,,,,,,Weyland-Yutani research facility,,"Vast forests and jungles, deep chasms, rivers, some mountains","Oxygenated, breathable",Occasional thunderstorms,Human (migrated)Yautja (migrated)Korarian tree,Unknown,,,,,,,,,,,,,,,,,,,,,,,,,,,,,,,,,,,,,,,,,,,,,,,,,,,,,,,,,,,,,,,,,,,,,,,,,,,,,,,,,,
86,Linna 349,Outer Rim (Anglo-Japanese Arm),Tartarus Sector,Gliese 300 System,Gliese 300,,Terrestrial,"Two colonies, Neusheune, Trobriands, Highway Two, Route 3 and Harare",,Mountainous glades and high peaks,Breathable,"Semi arid, rainy summers and dry winters",Human,,,,,,,,,,,,,,,,,,,,,,,,,,,,,,,,,,,,,,,,,,,,,,,,,,,,,,,,,,,,,,,,,,,,,,,,,,,,,,,,,,,
87,Lacaille 8760 IV,Outer Veil (American Arm),American Corridor,Lacaille 8760 System,Lacaille 8760,Avril,,,,,Breathable,,Human,,,,,,,,,,,,,,,,,,,,,,,,,,,,,,,,,,,,,,,,,,,,,,,,,,,,,,,,,,,,,,,,,,,,,,,,,,,,,,,,,,,
88,Sigourney Weaver,Outer Veil,Neroid Sector[16],,2,,M-class,,Saturn,,,,HumansFishRampant insect life,"5,152 km",,,,,,,,"October 8, 1949", American,Sigourney Weaver,Alien: Isolation,Ellen Ripley,Ridley Scott,Tom SkerrittSigourney WeaverVeronica CartwrightHarry Dean StantonJohn HurtIan HolmYaphet Kotto,"Trident Comics (Vol. 1 #1-16)Dark Horse International (Vol. 1 #17-Vol. 2, #22)","April 26, 2016",334 meters (1096 ft.)[15],Aliens,Lee Brimmicombe-Wood,"July 5, 2010","48 (Vol. 1 #1-11)64 (Vol. 1 #12-16)52 (Vol. 1 #17, Vol. 2 #1-22)","January 7, 2092[1]","Olympia, Luna, United Americas[1]",Warrant Officer[2] (formerly)Lieutenant 1st Class[3],"Alex (husband, formerly)[4]Amanda Ripley-McClaren (daughter)Alan Decker (descendant)[5]",Yautja,Destroyed,Female,98 meters (322 ft.)[15],BrownShaved on Fiorina 161[7],Brown,Sole human survivor of the USCSS Nostromo Xenomorph encounter.[9]Holds the record for longest recorded hypersleep.[10]Survived the first Hadley's Hope Xenomorph infestation.[2]Killed a Xenomorph Queen.,Sigourney WeaverLani MinellaLaurel Lefkow,Aliens vs. PredatorAliens vs. Predator: Blood TimeAliens vs. Predator: DuelAliens vs. Predator: WarAliens vs. Predator: EternalAliens vs. Predator: Old SecretsAliens vs. Predator: The Web,Omnibus,Gordon CarrollDavid GilerWalter HillRonald Shusett (executive producer),Story:Dan O'BannonRonald ShusettScreenplay:Dan O'BannonDavid Giler (uncredited)Walter Hill (uncredited),Jerry Goldsmith,Derek Vanlint,Terry RawlingsPeter WeatherleyDavid Crowther (Director's Cut),Brandywine Productions,20th Century Fox,119 minutes[11],$11 million[12][13],"$104,931,801",ESRB: T (Teen)PEGI: 12,Predator 2,EA Games,Real-time strategy,PlayStation 2Xbox,"Martin Skidmore (Vol. #1-16)Michael W. Bennent (Vol. 1 #17, Vol. 2 #1)Dick Hansom (Vol. 2 #1-10)Cefn Ridout (Vol. 2 #6-22)",Dave HughesLee Brimmicombe-WoodJim Campbell,Monthly,Feb 1991,Apr 1994 (Vol. 2 #22),United Kingdom,21st century,Human,Yutani,"Cybernetics, research and development, Yautja technology procurement and research",John Debney,La-La Land Records,Heckler & Koch GmbH,CM-88B Bison[14],1809246(09)[15],215 meters (705 ft.)[15],"63,000 metric tonnes","$42,000,000",Scimitar,Cutting blades,Length20.5 cm,18-round detachable box magazine,Semi-automatic or 3-round burst,9×19mm Parabellum,Blowback,2200 rounds/min (3-round burst mode),50 m (effective),Mid-late 20th century2170s,Crashed Engineer vessel,Acheron (LV-426),Alien,Alien: Isolation
89,LV-1113,Uncharted Space,,26 Draconis System,26 Dra A & B and Gliese 685,,Terrestrial,Engineer Structures,,,Breathable,,Engineers (formerly),,,,,,,,,,,,,,,,,,,,,,,,,,,,,,,,,,,,,,,,,,,,,,,,,,,,,,,,,,,,,,,,,,,,,,,,,,,,,,,,,,,
90,LV-1201,,,,Two,One,,,,,,,Engineers (formerly)Yautja (formerly)XenomorphsHumans (formerly),,,,,,,,,,,,,,,,,,,,,,,,,,,,,,,,,,,,,,,,,,,,,,,,,,,,,,,,,,,,,,,,,,,,,,,,,,,,,,,,,,,
91,LV-412,,,,,,,Yautja PyramidXenomorph HiveColonial Marine compound,,Mostly rocky,Breathable,,Yautja (formerly)XenomorphsHumans(formerly),,,,,,,,,,,,,,,,,,,,,,,,,,,,,,,,,,,,,,,,,,,,,,,,,,,,,,,,,,,,,,,,,,,,,,,,,,,,,,,,,,,
92,LV-492,,,,,,Terrestrial,Greenhouse 112,,"Jungles, tundra",,,Human,,,,,,,,,,,,,,,,,,,,,,,,,,,,,,,,,,,,,,,,,,,,,,,,,,,,,,,,,,,,,,,,,,,,,,,,,,,,,,,,,,,
93,LV-742,,,,,,Terrestrial,Mining coloniesMarine outpostsKadinsky's Research labYautja Ancients mothership.,,"Deserts, jungles, swamps and canyons.",Breathable (Terraformed),From temperate to arid,KrilticKurnOswocGro'tyeXenomorph (non-native)Yautjas (non-native)Humans (non-native),,,,,,,,,,,,,,,,,,,,,,,,,,,,,,,,,,,,,,,,,,,,,,,,,,,,,,,,,,,,,,,,,,,,,,,,,,,,,,,,,,,
94,LV-871,Frontier (American Arm),Far Reach of the American Arm,Gliese 469 system,Wolf 414 A & B,,Terrestrial,Trono ColonyTerraforming Plant Number 3,,Rocky,Breathable (Terraformed),Dust storms,Humans (formerly)Xenomorph,,,,,,,,,,,,,,,,,,,,,,,,,,,,,,,,,,,,,,,,,,,,,,,,,,,,,,,,,,,,,,,,,,,,,,,,,,,,,,,,,,,
95,LV-895,Outer Rim,Tartarus Sector,HIP53020 System,,1,Earth-like,Pala StationSite Two,LV-895,Jungle,Breathable,,Leon-895Engineers (formerly) Xenomorphs (introduced),< 9000 klicks,,,,,,,,,,,,,,,,,,,,,,,,,,,,,,,,,,,,,,,,,,,,,,,,,,,,,,,,,,,,,,,,,,,,,,,,,,,,,,,,,,
96,LV-KR 115,Frontier (American Amr),Near Far Reach of the American Arm,Nu Phoenicis system,Nu Phoenicis,,Terrestrial,Agricultural ColonyCrop Fields,,GrasslandsPrairies,Breathable (Terraformed),Temperate,Humans (formerly)Swarm (formerly),,,,,,,,,,,,,,,,,,,,,,,,,,,,,,,,,,,,,,,,,,,,,,,,,,,,,,,,,,,,,,,,,,,,,,,,,,,,,,,,,,,
97,Mars,,,Solar System,Sol,PhobosDeimos,Terrestrial,Valles ColonyLeo Colony,,,0.146% Oxygen 95.97% Carbon Dioxide0.0557% Carbon Monoxide1.89% Nitrogen1.93% Argon,,Human,"3,386 km",24.6 hours,687 days,,,,,,,,,,,,,,,,,,,,,,,,,,,,,,,,,,,,,,,,,,,,,,,,,,,,,,,,,,,,,,,,,,,,,,,,,,,,,,,,
98,,,,,,,,,,,,,,,,,,,,,,,,,,,,,,,,,,,,,,,,,,,,,,,,,,,,,,,,,,,,,,,,,,,,,,,,,,,,,,,,,,,,,,,,,,,,,,,,
99,,,,,,,,,,,,,,,,,,,,,,,,,,,,,,,,,,,,,,,,,,,,,,,,,,,,,,,,,,,,,,,,,,,,,,,,,,,,,,,,,,,,,,,,,,,,,,,,
100,,,,,,,,,,,,,,,,,,,,,,,,,,,,,,,,,,,,,,,,,,,,,,,,,,,,,,,,,,,,,,,,,,,,,,,,,,,,,,,,,,,,,,,,,,,,,,,,
101,,,,,,,,,,,,,,,,,,,,,,,,,,,,,,,,,,,,,,,,,,,,,,,,,,,,,,,,,,,,,,,,,,,,,,,,,,,,,,,,,,,,,,,,,,,,,,,,
102,,,,,,,,,,,,,,,,,,,,,,,,,,,,,,,,,,,,,,,,,,,,,,,,,,,,,,,,,,,,,,,,,,,,,,,,,,,,,,,,,,,,,,,,,,,,,,,,
103,Motinea,Core Systems (Anglo-Japanese Arm),,Ross 128 System,Ross 128,,Terrestrial,,,,Breathable,,Human,,,,,,,,,,,,,,,,,,,,,,,,,,,,,,,,,,,,,,,,,,,,,,,,,,,,,,,,,,,,,,,,,,,,,,,,,,,,,,,,,,,
104,78 Nu Ceti III,Uncharted Space,,Nu Ceti System,Nu Ceti A & B,,,,,,Breathable,,Human,,,,,,,,,,,,,,,,,,,,,,,,,,,,,,,,,,,,,,,,,,,,,,,,,,,,,,,,,,,,,,,,,,,,,,,,,,,,,,,,,,,
105,52 Tau Ceti II,Outer Veil (UPP Sector),,Tau Ceti System,Tau Ceti,,,Ezell ASFBTrobriands region,,,Breathable,,Human,,,,,,,,,,,,,,,,,,,,,,,,,,,,,,,,,,,,,,,,,,,,,,,,,,,,,,,,,,,,,,,,,,,,,,,,,,,,,,,,,,,
106,,,,,,,,,,,,,,,,,,,,,,,,,,,,,,,,,,,,,,,,,,,,,,,,,,,,,,,,,,,,,,,,,,,,,,,,,,,,,,,,,,,,,,,,,,,,,,,,
107,,,,,,,,,,,,,,,,,,,,,,,,,,,,,,,,,,,,,,,,,,,,,,,,,,,,,,,,,,,,,,,,,,,,,,,,,,,,,,,,,,,,,,,,,,,,,,,,
108,Nivalis-4,Outer Rim (American Arm),Crestus Prime Cluster,HR 7722 system,HR 7722,,Terrestrial,Weyland-Yutani Artificial Humanoid Fabrication PlantXenomorph Cavern,,Icy plains,Breathable,Cold,Humans (formerly)Xenomorph,,,,,,,,,,,,,,,,,,,,,,,,,,,,,,,,,,,,,,,,,,,,,,,,,,,,,,,,,,,,,,,,,,,,,,,,,,,,,,,,,,,
109,,,,,,,,,,,,,,,,,,,,,,,,,,,,,,,,,,,,,,,,,,,,,,,,,,,,,,,,,,,,,,,,,,,,,,,,,,,,,,,,,,,,,,,,,,,,,,,,
110,,,,,,,,,,,,,,,,,,,,,,,,,,,,,,,,,,,,,,,,,,,,,,,,,,,,,,,,,,,,,,,,,,,,,,,,,,,,,,,,,,,,,,,,,,,,,,,,
111,PCW9512,,,,1,,,Single Landmass on surface,,,,,ApetoidsPteras,,,,,,,,,,,,,,,,,,,,,,,,,,,,,,,,,,,,,,,,,,,,,,,,,,,,,,,,,,,,,,,,,,,,,,,,,,,,,,,,,,,
112,Planet-4,,Sector 87,,,2,Unchartered,,,,19.5% Oxygen 79.4% Nitrogen,,NeomorphsPraetomorphs,,,,,,,,,,,,,,,,,,,,,,,,,,,,,,,,,,,,,,,,,,,,,,,,,,,,,,,,,,,,,,,,,,,,,,,,,,,,,,,,,,,
113,Pluto,,,Solar System,Sun,Charon,Terrestrial,,,,NitrogenCarbon MonoxideMethane,,,"2,306 km",153.3 hours,248 years,,,,,,,,,,,,,,,,,,,,,,,,,,,,,,,,,,,,,,,,,,,,,,,,,,,,,,,,,,,,,,,,,,,,,,,,,,,,,,,,
114,,,,,,,,,,,,,,,,,,,,,,,,,,,,,,,,,,,,,,,,,,,,,,,,,,,,,,,,,,,,,,,,,,,,,,,,,,,,,,,,,,,,,,,,,,,,,,,,
115,,,,,,,,,,,,,,,,,,,,,,,,,,,,,,,,,,,,,,,,,,,,,,,,,,,,,,,,,,,,,,,,,,,,,,,,,,,,,,,,,,,,,,,,,,,,,,,,
116,Pylos,,,34099x788*PPelops system,,,Gas Giant,,,,,,,,,,,,,,,,,,,,,,,,,,,,,,,,,,,,,,,,,,,,,,,,,,,,,,,,,,,,,,,,,,,,,,,,,,,,,,,,,,,,,,,,,
117,,,,,,,,,,,,,,,,,,,,,,,,,,,,,,,,,,,,,,,,,,,,,,,,,,,,,,,,,,,,,,,,,,,,,,,,,,,,,,,,,,,,,,,,,,,,,,,,
118,,,,,,,,,,,,,,,,,,,,,,,,,,,,,,,,,,,,,,,,,,,,,,,,,,,,,,,,,,,,,,,,,,,,,,,,,,,,,,,,,,,,,,,,,,,,,,,,
119,,,,,,,,,,,,,,,,,,,,,,,,,,,,,,,,,,,,,,,,,,,,,,,,,,,,,,,,,,,,,,,,,,,,,,,,,,,,,,,,,,,,,,,,,,,,,,,,
120,Rim,Outer Rim (Anglo-Japanese Arm),Sector 949,Gliese 1105 system,Gliese 1105,,Terrestrial,Rim colonyAtmospheric Processor,,,Breathable,Rainy,Humans (formerly)Xenomorph (formerly),,,,,,,,,,,,,,,,,,,,,,,,,,,,,,,,,,,,,,,,,,,,,,,,,,,,,,,,,,,,,,,,,,,,,,,,,,,,,,,,,,,
121,,,,,,,,,,,,,,,,,,,,,,,,,,,,,,,,,,,,,,,,,,,,,,,,,,,,,,,,,,,,,,,,,,,,,,,,,,,,,,,,,,,,,,,,,,,,,,,,
122,,,,,,,,,,,,,,,,,,,,,,,,,,,,,,,,,,,,,,,,,,,,,,,,,,,,,,,,,,,,,,,,,,,,,,,,,,,,,,,,,,,,,,,,,,,,,,,,
123,Ryushi,,,Beta Cygni,2,,,Prosperity WellsRyushi Queen,,Desertous,,Arid,RhynthBriar wolfJack-lizardFire-walkerHuman,,,,,,,,,,,,,,,,,,,,,,,,,,,,,,,,,,,,,,,,,,,,,,,,,,,,,,,,,,,,,,,,,,,,,,,,,,,,,,,,,,,
124,,,,,,,,,,,,,,,,,,,,,,,,,,,,,,,,,,,,,,,,,,,,,,,,,,,,,,,,,,,,,,,,,,,,,,,,,,,,,,,,,,,,,,,,,,,,,,,,
125,,,,,,,,,,,,,,,,,,,,,,,,,,,,,,,,,,,,,,,,,,,,,,,,,,,,,,,,,,,,,,,,,,,,,,,,,,,,,,,,,,,,,,,,,,,,,,,,
126,,,,,,,,,,,,,,,,,,,,,,,,,,,,,,,,,,,,,,,,,,,,,,,,,,,,,,,,,,,,,,,,,,,,,,,,,,,,,,,,,,,,,,,,,,,,,,,,
127,Saturn,,,Solar System,Sol,MimasEnceladusTethysDioneRheaTitanHyperionIapetusPhoebeNumerous others,Gas Giant,,,,"96% hydrogen, 3% helium, 1% others (ammonia, acetylene, ethane, propane, phosphine, methane, etc.)",,,"57,316 km",10 hours 42 minutes,29.4 years,,,,,,,,,,,,,,,,,,,,,,,,,,,,,,,,,,,,,,,,,,,,,,,,,,,,,,,,,,,,,,,,,,,,,,,,,,,,,,,,
128,,,,,,,,,,,,,,,,,,,,,,,,,,,,,,,,,,,,,,,,,,,,,,,,,,,,,,,,,,,,,,,,,,,,,,,,,,,,,,,,,,,,,,,,,,,,,,,,
129,,,,,,,,,,,,,,,,,,,,,,,,,,,,,,,,,,,,,,,,,,,,,,,,,,,,,,,,,,,,,,,,,,,,,,,,,,,,,,,,,,,,,,,,,,,,,,,,
130,Alpha Caeli Vb-h,Frontier (American Arm),Far Reach,Alpha Caeli System,Alpha Caeli V A & B,,Terrestrial,USCMC Garrison (Alpha Caeli Vg)Seegson OfficesVarious Mining Colonies,Alpha Caeli V,,,,Human,,,,,,,,,,,,,,,,,,,,,,,,,,,,,,,,,,,,,,,,,,,,,,,,,,,,,,,,,,,,,,,,,,,,,,,,,,,,,,,,,,,
131,,,,,,,,,,,,,,,,,,,,,,,,,,,,,,,,,,,,,,,,,,,,,,,,,,,,,,,,,,,,,,,,,,,,,,,,,,,,,,,,,,,,,,,,,,,,,,,,
132,Delta Pavonis IV,Outer Rim (American Arm),Cerberus Sector,Delta Pavonis System,Delta Pavonis,,,USCMC Garrison,,,Breathable,,Human,,,,,,,,,,,,,,,,,,,,,,,,,,,,,,,,,,,,,,,,,,,,,,,,,,,,,,,,,,,,,,,,,,,,,,,,,,,,,,,,,,,
133,Tanaka 5,,,,1,1,Terrestrial,Unnamed human colonySector AlphaSector 27Xenomorph Hive,,Rocky deserts,Breathable,Presumably quite hot,HumansTanaka 5 ScorpionsXenomorphs,,,,,,,,,,,,,,,,,,,,,,,,,,,,,,,,,,,,,,,,,,,,,,,,,,,,,,,,,,,,,,,,,,,,,,,,,,,,,,,,,,,
134,NN3346-5,Frontier (American Arm),Far Reach of the American Arm,NN3346 System,NN3346 (Tanaka),,,Underground ruins (rumored),,Terrestrial,Breathable,Desertic,Tanakan Scorpionids,,,,,,,,,,,,,,,,,,,,,,,,,,,,,,,,,,,,,,,,,,,,,,,,,,,,,,,,,,,,,,,,,,,,,,,,,,,,,,,,,,,
135,Tartarus,,,,,,Aquatic,,,,Breathable,,Yautja (non-native),,,,,,,,,,,,,,,,,,,,,,,,,,,,,,,,,,,,,,,,,,,,,,,,,,,,,,,,,,,,,,,,,,,,,,,,,,,,,,,,,,,
136,TerraForm 3,,,,1,1,Terrestrial,Unnamed Earth colonyTuva SettlementRanches,,"Rocky deserts, grassy farmlands, small seas, and a large ocean",Breathable,Presumably rather hot,HumansBovinesSnakesMantidsXenomorphs (formerly),,,,,,,,,,,,,,,,,,,,,,,,,,,,,,,,,,,,,,,,,,,,,,,,,,,,,,,,,,,,,,,,,,,,,,,,,,,,,,,,,,,
137,Gamma Leporis A3,Frontier (American Arm),Near Tartarus Sector,Gamma Leporis System,Gamma Leporis A,,,Steer CityVarious FarmsAtmosphere Processing PlantSpaceport,,Terrestrial,Breathable (Terraformed),,Human,,,,,,,,,,,,,,,,,,,,,,,,,,,,,,,,,,,,,,,,,,,,,,,,,,,,,,,,,,,,,,,,,,,,,,,,,,,,,,,,,,,
138,Thedus,Frontier (American Arm),Far Reach of the American Arm,Epsilon Reticuli System,Epsilon Reticuli A & B,,Terrestrial,USCMC GarrisonWeyland-Yutani Offices,,Mountains and Canyons,Breathable,Cold thin atmosphere,Human,,,,,,,,,,,,,,,,,,,,,,,,,,,,,,,,,,,,,,,,,,,,,,,,,,,,,,,,,,,,,,,,,,,,,,,,,,,,,,,,,,,
139,,,,,,,,,,,,,,,,,,,,,,,,,,,,,,,,,,,,,,,,,,,,,,,,,,,,,,,,,,,,,,,,,,,,,,,,,,,,,,,,,,,,,,,,,,,,,,,,
140,8 Eta Boötis A III,Outer Rim,Borodino Sector,Eta Boötis System,Eta Boötis A,,Terrestrial,Tientsin Colony and several small independent groupings,,"Island chains with dense jungles, wetlands and deep alkaline seas",Breathable,"Hot and humid, rain storms",Humans,,,,,,,,,,,,,,,,,,,,,,,,,,,,,,,,,,,,,,,,,,,,,,,,,,,,,,,,,,,,,,,,,,,,,,,,,,,,,,,,,,,
141,Tirgu-Mires,Frontier (American Arm),Far Reach of the American Arm,Gliese 1401 system,Gliese 1401B,,Terrestrial,ColonyInfamous CaveWell's ChurchEngineer Ship,,ForestDesert,Breathable,,HumansEngineer (formerly)Xenomorph (formerly)Wraith (formerly),,,,,,,,,,,,,,,,,,,,,,,,,,,,,,,,,,,,,,,,,,,,,,,,,,,,,,,,,,,,,,,,,,,,,,,,,,,,,,,,,,,
142,Torin Prime,Outer Rim (American Arm),Tartarus Sector,Gliese 229 System,Gliese 229A,,Terrestrial,Concentration Camp GR-161,,Mountainous glades and high peaks,Breathable,"Semi arid, rainy summers and dry winters",Human,,,,,,,,,,,,,,,,,,,,,,,,,,,,,,,,,,,,,,,,,,,,,,,,,,,,,,,,,,,,,,,,,,,,,,,,,,,,,,,,,,,
143,Unidentified Moon (Third Base),Core Systems,Sol Sector,Classified,Unknown,,Terrestrial,USCMC Third BaseCivilian Colony,,Barren wasteland,Breathable,Torrential downpour and electrical storms,Humans (formerly)Xenomorph,,,,,,,,,,,,,,,,,,,,,,,,,,,,,,,,,,,,,,,,,,,,,,,,,,,,,,,,,,,,,,,,,,,,,,,,,,,,,,,,,,,
144,,,,,,,,,,,,,,,,,,,,,,,,,,,,,,,,,,,,,,,,,,,,,,,,,,,,,,,,,,,,,,,,,,,,,,,,,,,,,,,,,,,,,,,,,,,,,,,,
145,Vega 4,Lyra constellation,,,,Two,Terrestrial,New Shanghai,,Just like Earth,Breathable by Humans,,Humans (not indigenous)Xenomorphs (not indigenous)Yautjas (not indigenous),,,,,,,,,,,,,,,,,,,,,,,,,,,,,,,,,,,,,,,,,,,,,,,,,,,,,,,,,,,,,,,,,,,,,,,,,,,,,,,,,,,
146,Xarem,,,,,,,Xarem Corporation nickel refinery,,Contains nickel,,,Humans (migrated),,,,,,,,,,,,,,,,,,,,,,,,,,,,,,,,,,,,,,,,,,,,,,,,,,,,,,,,,,,,,,,,,,,,,,,,,,,,,,,,,,,
147,G-435 (Achilles 2.4),"Far Reach, Uncharted Space",Sector 117,Achilles System (Psi Velorum),Achilles 1 & 2,,Terrestrial,Xenomorphs Queen Mother Hive and dozens of others hives.,,"Wasteland, shallow swamps and salty seas with minimal vegetation.",Barely Breathable,Hot and humid,XenomorphUnidentified Flying SpeciesUnnamed Xenomorph Predators,,,,,,,,,,,,,,,,,,,,,,,,,,,,,,,,,,,,,,,,,,,,,,,,,,,,,,,,,,,,,,,,,,,,,,,,,,,,,,,,,,,
148,Yautja Prime,,,,2,,Terrestrial,,,"Cities, Deserts, Swamps, Forests, Jungles, Savannas",Breathable,,YautjaBerserker Yautja Vy'drachsPredator HoundsK'yipsasQuatza-RijsPredator HorsesBlood-pigs,,,,,,,,,,,,,,,,,,,,,,,,,,,,,,,,,,,,,,,,,,,,,,,,,,,,,,,,,,,,,,,,,,,,,,,,,,,,,,,,,,,
149,Zagreus,,,NN3637,2,,Earth-like,Zagreus (Colony)SeasteadsWoodlandsWetlands,,Woodlands Wetlands  Grasslands Polar ice caps Mountains coast,Breathable,Diverse,Lion-wormSnuffle-squirrelZagreus-HippoHuman (Colonized)Xenomorph (Introduced),,,,,,,,,,,,,,,,,,,,,,,,,,,,,,,,,,,,,,,,,,,,,,,,,,,,,,,,,,,,,,,,,,,,,,,,,,,,,,,,,,,
150,,,,,,,,,,,,,,,,,,,,,,,,,,,,,,,,,,,,,,,,,,,,,,,,,,,,,,,,,,,,,,,,,,,,,,,,,,,,,,,,,,,,,,,,,,,,,,,,
151,Earth,,,Solar System,Sol,Luna,Terrestrial,,,"Forests, grasslands, deserts, jungles, wetlands, mountains, tundra, polar regions, oceans, lakes and rivers","78% nitrogen, 21% oxygen, 0.9% argon, 0.1% others (carbon dioxide, water, etc.)",Many climate zones,HumanCatDog,"12,756 km",,,,,,,,,,,,,,,,,,,,,,,,,,,,,,,,,,,,,,,,,,,,,,,,,,,,,,,,,,,,,,,,,,,,,,,,,,,,,,,,,,
152,,,,,,,,,,,,,,,,,,,,,,,,,,,,,,,,,,,,,,,,,,,,,,,,,,,,,,,,,,,,,,,,,,,,,,,,,,,,,,,,,,,,,,,,,,,,,,,,
153,,,,,,,,,,,,,,,,,,,,,,,,,,,,,,,,,,,,,,,,,,,,,,,,,,,,,,,,,,,,,,,,,,,,,,,,,,,,,,,,,,,,,,,,,,,,,,,,
154,,,,,,,,,,,,,,,,,,,,,,,,,,,,,,,,,,,,,,,,,,,,,,,,,,,,,,,,,,,,,,,,,,,,,,,,,,,,,,,,,,,,,,,,,,,,,,,,
155,,,,,,,,,,,,,,,,,,,,,,,,,,,,,,,,,,,,,,,,,,,,,,,,,,,,,,,,,,,,,,,,,,,,,,,,,,,,,,,,,,,,,,,,,,,,,,,,
156,"Fiorina ""Fury"" 161",Outer Veil,Neroid Sector[1],,2,,,,,,,,HumansFishRampant insect life,,,,,,,,,,,,,,,,,,,,,,,,,,,,,,,,,,,,,,,,,,,,,,,,,,,,,,,,,,,,,,,,,,,,,,,,,,,,,,,,,,,
157,Game Preserve Planet,,,,,,Terrestrial,,,"Jungles, forests, swamps",Breathable,,YautjaSuper PredatorsHumansRiver GhostsHell-Hounds,,,,,,,,,,,,,,,,,,,,,,,,,,,,,,,,,,,,,,,,,,,,,,,,,,,,,,,,,,,,,,,,,,,,,,,,,,,,,,,,,,,
158,Gamma Leporis B1,Frontier (American Arm),Near Tartarus Sector,Gamma Leporis System,Gamma Leporis B,,,Colony (formerly)Atmosphere Processing Plant (formerly),,Terrestrial,Breathable (Terraformed),,Human,,,,,,,,,,,,,,,,,,,,,,,,,,,,,,,,,,,,,,,,,,,,,,,,,,,,,,,,,,,,,,,,,,,,,,,,,,,,,,,,,,,
159,Gamma Leporis C2,Frontier (American Arm),Near Tartarus Sector,Gamma Leporis System,Gamma Leporis C,,,Seegson ColonyAtmosphere Processing Plant,,Terrestrial,Breathable (Terraformed),,Human,,,,,,,,,,,,,,,,,,,,,,,,,,,,,,,,,,,,,,,,,,,,,,,,,,,,,,,,,,,,,,,,,,,,,,,,,,,,,,,,,,,
160,70 Ophiuchi A V,Outer Veil (American Arm),American Corridor,70 Ophiuchi System,70 Ophiuchi A,,,USCMC MSF Herculis HQ,,,Breathable,,Human,,,,,,,,,,,,,,,,,,,,,,,,,,,,,,,,,,,,,,,,,,,,,,,,,,,,,,,,,,,,,,,,,,,,,,,,,,,,,,,,,,,
161,,,,,,,,,,,,,,,,,,,,,,,,,,,,,,,,,,,,,,,,,,,,,,,,,,,,,,,,,,,,,,,,,,,,,,,,,,,,,,,,,,,,,,,,,,,,,,,,
162,Gliese 581d,Outer Veil (Anglo-Japanese Arm),Sector 3847,Gliese 581 System,Gliese 581,,Terrestrial,Unity City,,,Breathable (Terraformed),,Human,,,,,,,,,,,,,,,,,,,,,,,,,,,,,,,,,,,,,,,,,,,,,,,,,,,,,,,,,,,,,,,,,,,,,,,,,,,,,,,,,,,
163,Gliese 581g,Outer Veil (Anglo-Japanese Arm),Sector 3847,Gliese 581 System,Gliese 581,Gliese 581g.01Gliese 581g.02,Terrestrial,Coronado Colony,,,Breathable (Terraformed),,Human,,,,,,,,,,,,,,,,,,,,,,,,,,,,,,,,,,,,,,,,,,,,,,,,,,,,,,,,,,,,,,,,,,,,,,,,,,,,,,,,,,,
164,Gliese 581g.02,Outer Veil (Anglo-Japanese Arm),Sector 3847,Gliese 581 System,Gliese 581,,,,Gliese 581g,,,,,,,,,,,,,,,,,,,,,,,,,,,,,,,,,,,,,,,,,,,,,,,,,,,,,,,,,,,,,,,,,,,,,,,,,,,,,,,,,,,,,,,
165,Gliese 667Cb,Outer Veil (American Arm),Sector 3847,Gliese 667 System,Gliese 667C,,Terrestrial,Levon Colony,,,Breathable (Terraformed)Helium-3,,Human,Approximately 14 223 km,,,,,,,,,,,,,,,,,,,,,,,,,,,,,,,,,,,,,,,,,,,,,,,,,,,,,,,,,,,,,,,,,,,,,,,,,,,,,,,,,,
166,Gliese 667Cc,Outer Veil (American Arm),Sector 3847,Gliese 667 System,Gliese 667C,,Terrestrial,Morrison Outpost,,,Breathable (Terraformed),,Human,Approximately 11 289 km,,,,,,,,,,,,,,,,,,,,,,,,,,,,,,,,,,,,,,,,,,,,,,,,,,,,,,,,,,,,,,,,,,,,,,,,,,,,,,,,,,
167,Gliese 667Cd,Outer Veil (American Arm),Sector 3847,Gliese 667 System,Gliese 667C,,Terrestrial,Dante Colony,,,Breathable (Terraformed),,Human,,,,,,,,,,,,,,,,,,,,,,,,,,,,,,,,,,,,,,,,,,,,,,,,,,,,,,,,,,,,,,,,,,,,,,,,,,,,,,,,,,,
168,Gliese 876b,Outer Veil (UPP Sector),,Gliese 876 System,Gliese 876,,Terrestrial,Xiwang Colony,,,Breathable (Terraformed),,Human,Approximately 85 075 km,,,,,,,,,,,,,,,,,,,,,,,,,,,,,,,,,,,,,,,,,,,,,,,,,,,,,,,,,,,,,,,,,,,,,,,,,,,,,,,,,,
169,Gliese 876c,Outer Veil (UPP Sector),,Gliese 876 System,Gliese 876,,Terrestrial,Chiu Outpost,,,Breathable (Terraformed),Temperate,Human,Approximately 89 365 km,,,,,,,,,,,,,,,,,,,,,,,,,,,,,,,,,,,,,,,,,,,,,,,,,,,,,,,,,,,,,,,,,,,,,,,,,,,,,,,,,,
170,Gliese 876d,Outer Veil (UPP Sector),,Gliese 876 System,Gliese 876,,Terrestrial,Wan An Outpost,,Forests,Breathable (Terraformed),Arid (formerly)Temperate,Human,Approximately 16 014 km,,,,,,,,,,,,,,,,,,,,,,,,,,,,,,,,,,,,,,,,,,,,,,,,,,,,,,,,,,,,,,,,,,,,,,,,,,,,,,,,,,
171,,,,,,,,,,,,,,,,,,,,,,,,,,,,,,,,,,,,,,,,,,,,,,,,,,,,,,,,,,,,,,,,,,,,,,,,,,,,,,,,,,,,,,,,,,,,,,,,
172,HAT-P-13c,Outer Veil (UPP Sector),,HAT-P-13 System,HAT P-13,13,Gas Giant,,,,,,,Approximately 78 641 km,,,,,,,,,,,,,,,,,,,,,,,,,,,,,,,,,,,,,,,,,,,,,,,,,,,,,,,,,,,,,,,,,,,,,,,,,,,,,,,,,,
173,HAT-P-13cm,Outer Veil (UPP Sector),,HAT-P-13 System,HAT P-13,,Terrestrial,Zeus Colony,HAT-P-13c,,Breathable (Terraformed),,Human,,,,,,,,,,,,,,,,,,,,,,,,,,,,,,,,,,,,,,,,,,,,,,,,,,,,,,,,,,,,,,,,,,,,,,,,,,,,,,,,,,,
174,HD 10697b,Outer Veil (UPP Sector),,HD 10697 System,HD 10697,13,Gas Giant,,,,,,,Approximately 80 786 km,,,,,,,,,,,,,,,,,,,,,,,,,,,,,,,,,,,,,,,,,,,,,,,,,,,,,,,,,,,,,,,,,,,,,,,,,,,,,,,,,,
175,HD 10697bm,Outer Veil (UPP Sector),,HD 10697 System,HD 10697,,Terrestrial,Tagg Colony,HD 10697b,,Breathable (Terraformed),,Human,,,,,,,,,,,,,,,,,,,,,,,,,,,,,,,,,,,,,,,,,,,,,,,,,,,,,,,,,,,,,,,,,,,,,,,,,,,,,,,,,,,
176,HD 202206b,Outer Veil (Anglo-Japanese Arm),,HD 202206 System,HD 202206,13,Brown dwarf,,,,,,,,,,,,,,,,,,,,,,,,,,,,,,,,,,,,,,,,,,,,,,,,,,,,,,,,,,,,,,,,,,,,,,,,,,,,,,,,,,,,,,,,,
177,HD 202206bm,Outer Veil (Anglo-Japanese Arm),,HD 202206 System,HD 202206,,Terrestrial,Henri Gaston Colony,HD 202206b,,Breathable (Terraformed),,Human,,,,,,,,,,,,,,,,,,,,,,,,,,,,,,,,,,,,,,,,,,,,,,,,,,,,,,,,,,,,,,,,,,,,,,,,,,,,,,,,,,,
178,HD 39091b,Core Systems (ICSC Sector),New Eden Sector,HD 39091 System,HD 39091,13,Gas Giant,,,,,,,Approximately 78 641 km,,,,,,,,,,,,,,,,,,,,,,,,,,,,,,,,,,,,,,,,,,,,,,,,,,,,,,,,,,,,,,,,,,,,,,,,,,,,,,,,,,
179,HD 39091bm,Core Systems (ICSC Sector),New Eden Sector,HD 39091 System,HD 39091,,Terrestrial,Olympia Colony,HD 39091b,,Breathable (Terraformed),,Human,,,,,,,,,,,,,,,,,,,,,,,,,,,,,,,,,,,,,,,,,,,,,,,,,,,,,,,,,,,,,,,,,,,,,,,,,,,,,,,,,,,
180,HD 85512b,Outer Veil (Anglo-Japanese Arm),Neroid Sector,HD 85512 System,HD 85512,,Terrestrial,New Earth ColonyClass E Prison,,,Breathable (Terraformed),,Human,Approximately 10 970 km,,,,,,,,,,,,,,,,,,,,,,,,,,,,,,,,,,,,,,,,,,,,,,,,,,,,,,,,,,,,,,,,,,,,,,,,,,,,,,,,,,
181,HD 86264b,Core Systems (Anglo-Japanese Arm),,HD 86264 System,HD 86264,13,Gas Giant,,,,,,,Approximately 80 786 km,,,,,,,,,,,,,,,,,,,,,,,,,,,,,,,,,,,,,,,,,,,,,,,,,,,,,,,,,,,,,,,,,,,,,,,,,,,,,,,,,,
182,HD 86264bm,Core Systems (Anglo-Japanese Arm),,HD 86264 System,HD 86264,,Terrestrial,Statler Colony,HD 86264b,,Breathable (Terraformed),,Human,,,,,,,,,,,,,,,,,,,,,,,,,,,,,,,,,,,,,,,,,,,,,,,,,,,,,,,,,,,,,,,,,,,,,,,,,,,,,,,,,,,
183,82 Eridani II,Outer Veil (Anglo-Japanese Arm),Bao Sau Sector,82 Eridani System,82 Eridani,,,Happy DaysTokonigara colonyShinowa colony,,Jungle,Breathable,,Human,,,,,,,,,,,,,,,,,,,,,,,,,,,,,,,,,,,,,,,,,,,,,,,,,,,,,,,,,,,,,,,,,,,,,,,,,,,,,,,,,,,
184,,,,,,,,,,,,,,,,,,,,,,,,,,,,,,,,,,,,,,,,,,,,,,,,,,,,,,,,,,,,,,,,,,,,,,,,,,,,,,,,,,,,,,,,,,,,,,,,
185,Jericho 3,,,Unknown,1 (unnamed),,,V-22 (testing facility)Prototype colony,,,,VariableExtreme highs and lows,,,,,,,,,,,,,,,,,,,,,,,,,,,,,,,,,,,,,,,,,,,,,,,,,,,,,,,,,,,,,,,,,,,,,,,,,,,,,,,,,,,,
186,Joliet,Outer Rim (American Arm),Edge of Borodino and Cerberus Sectors,Gliese 326-3827 System,Gliese 326-3827,,Terrestrial,Alphatech Joliet Mining Facility,Bracken's World,,Breathable,,Human (formerly)Xenomorph (non-native),,,,,,,,,,,,,,,,,,,,,,,,,,,,,,,,,,,,,,,,,,,,,,,,,,,,,,,,,,,,,,,,,,,,,,,,,,,,,,,,,,,
187,JPG-973c,Frontier (Anglo-Japanese Sector),Weyland Isles Sector,JPG-973 System,JPG-973,,,Tark-Weyland Station,,,,,Human,,,,,,,,,,,,,,,,,,,,,,,,,,,,,,,,,,,,,,,,,,,,,,,,,,,,,,,,,,,,,,,,,,,,,,,,,,,,,,,,,,,
188,Jupiter,,,Solar System,Sol,IoEuropaGanymedeCallistoNumerous others,Gas Giant,,,,"88–92% hydrogen8–12% helium1% others (methane, water vapor, ammonia, etc.)",,,"139,822 km",9.9 hours,12 years,,,,,,,,,,,,,,,,,,,,,,,,,,,,,,,,,,,,,,,,,,,,,,,,,,,,,,,,,,,,,,,,,,,,,,,,,,,,,,,,
189,,,,,,,,,,,,,,,,,,,,,,,,,,,,,,,,,,,,,,,,,,,,,,,,,,,,,,,,,,,,,,,,,,,,,,,,,,,,,,,,,,,,,,,,,,,,,,,,
190,Kepler-22b,Outer Rim (UPP Sector),,Kepler-22 System,Kepler-22,,,Pozhalujsta OutpostVanderaart Outpost,,,Breathable (Terraformed),,Human,Approximately 15 156 km,,,,,,,,,,,,,,,,,,,,,,,,,,,,,,,,,,,,,,,,,,,,,,,,,,,,,,,,,,,,,,,,,,,,,,,,,,,,,,,,,,
191,KG-348,Frontier,,Zeta Reticuli,,,Gas Giant,Sevastopol Station,,,Helium-3,,,,,,,,,,,,,,,,,,,,,,,,,,,,,,,,,,,,,,,,,,,,,,,,,,,,,,,,,,,,,,,,,,,,,,,,,,,,,,,,,,,,,
192,,,,,,,,,,,,,,,,,,,,,,,,,,,,,,,,,,,,,,,,,,,,,,,,,,,,,,,,,,,,,,,,,,,,,,,,,,,,,,,,,,,,,,,,,,,,,,,,
193,KOI-227.01,Outer Rim (UPP Sector),,KOI-227 System,KOI-227,,Terrestrial,Hualien Colony,,,Breathable (Terraformed),,Human,Approximately 9 312 km,,,,,,,,,,,,,,,,,,,,,,,,,,,,,,,,,,,,,,,,,,,,,,,,,,,,,,,,,,,,,,,,,,,,,,,,,,,,,,,,,,
194,Kepler-1663b,Outer Rim (UPP Sector),,Kepler-1663 System,Kepler-1663,,Ice giant,September Outpost,,,Breathable (Terraformed),Cold,Human,Approximately 41 247 km,,,,,,,,,,,,,,,,,,,,,,,,,,,,,,,,,,,,,,,,,,,,,,,,,,,,,,,,,,,,,,,,,,,,,,,,,,,,,,,,,,
195,Kepler-505b,Outer Veil (UPP Sector),,Kepler-505 System,Kepler-505,,Ice Giant,Honshu Colony,,,Breathable (Terraformed),,Human,Approximately 16 219 km,,,,,,,,,,,,,,,,,,,,,,,,,,,,,,,,,,,,,,,,,,,,,,,,,,,,,,,,,,,,,,,,,,,,,,,,,,,,,,,,,,
196,KOI-268.01,Uncharted Space,,KOI-268 System,KOI-268,,Super Earth,June Outpost,,,Breathable (Terraformed),,Human,Approximately 22 936 km,,,,,,,,,,,,,,,,,,,,,,,,,,,,,,,,,,,,,,,,,,,,,,,,,,,,,,,,,,,,,,,,,,,,,,,,,,,,,,,,,,
197,Kepler-138c,Uncharted Space,,Kepler-138 System,Kepler-138,,Super Earth,Atlas City,,,Breathable (Terraformed),,Human,Approximately 15 252 km,,,,,,,,,,,,,,,,,,,,,,,,,,,,,,,,,,,,,,,,,,,,,,,,,,,,,,,,,,,,,,,,,,,,,,,,,,,,,,,,,,
198,KOI-323.08,Uncharted Space,,Kepler-523 System,Kepler-523,,,Research facility,,,,,,,,,,,,,,,,,,,,,,,,,,,,,,,,,,,,,,,,,,,,,,,,,,,,,,,,,,,,,,,,,,,,,,,,,,,,,,,,,,,,,,,,
199,Kepler-155c,Outer Veil (UPP Sector),,Kepler-155 System,Kepler-155,,Ice Giant,Horizon City,,,Breathable (Terraformed),,Human,Approximately 13 982 km,,,,,,,,,,,,,,,,,,,,,,,,,,,,,,,,,,,,,,,,,,,,,,,,,,,,,,,,,,,,,,,,,,,,,,,,,,,,,,,,,,
200,Kepler-159c,Outer Rim (UPP Sector),,Kepler-159 System,Kepler-159,,Ice Giant,T'Toa Colony,,,Breathable (Terraformed),,Human,Approximately 21 253 km,,,,,,,,,,,,,,,,,,,,,,,,,,,,,,,,,,,,,,,,,,,,,,,,,,,,,,,,,,,,,,,,,,,,,,,,,,,,,,,,,,
201,Kepler-560b,Uncharted Space,,Kepler-560 System,Kepler-560,,Super Earth,Hera City,,,Breathable (Terraformed),,Human,Approximately 10 958 km,,,,,,,,,,,,,,,,,,,,,,,,,,,,,,,,,,,,,,,,,,,,,,,,,,,,,,,,,,,,,,,,,,,,,,,,,,,,,,,,,,
202,Kepler-577b,Outer Veil (UPP Sector),,Kepler-577 System,Kepler-577,,Ice Giant,Angkor Colony,,,Breathable (Terraformed),,Human,Approximately 16 229 km,,,,,,,,,,,,,,,,,,,,,,,,,,,,,,,,,,,,,,,,,,,,,,,,,,,,,,,,,,,,,,,,,,,,,,,,,,,,,,,,,,
203,Kepler-186d,Outer Veil (UPP Sector),,Kepler-186 System,Kepler-186,,Super Earth,Corinth Colony,,,Breathable (Terraformed),,Human,Approximately 7 973 km,,,,,,,,,,,,,,,,,,,,,,,,,,,,,,,,,,,,,,,,,,,,,,,,,,,,,,,,,,,,,,,,,,,,,,,,,,,,,,,,,,
204,Kepler-622b,Uncharted Space,,Kepler-622 System,Kepler-622,,Ice Giant,May Outpost,,,Breathable (Terraformed),,Human,Approximately 13 585 km,,,,,,,,,,,,,,,,,,,,,,,,,,,,,,,,,,,,,,,,,,,,,,,,,,,,,,,,,,,,,,,,,,,,,,,,,,,,,,,,,,
205,Kepler-205c,Uncharted Space,,Kepler-205 System,Kepler-205,,Ice Giant,Lutetia Colony,,,Breathable (Terraformed),,Human,Approximately 10 460 km,,,,,,,,,,,,,,,,,,,,,,,,,,,,,,,,,,,,,,,,,,,,,,,,,,,,,,,,,,,,,,,,,,,,,,,,,,,,,,,,,,
206,Kepler-62,Uncharted Space,,Kepler-62 System,Kepler-62,,Ice Giant,December Outpost,,,Breathable (Terraformed),,Human,Approximately 12 437 km,,,KOI-701KIC 6425957,Orange Dwarf,989.44,303.51,Spinward,,,,,,,,,,,,,,,,,,,,,,,,,,,,,,,,,,,,,,,,,,,,,,,,,,,,,,,,,,,,,,,,,,,,,,,,,,,
207,Kepler-62d,Uncharted Space,,Kepler-62 System,Kepler-62,,Ice Giant,December Outpost,,,Breathable (Terraformed),,Human,Approximately 12 437 km,,,,,,,,,,,,,,,,,,,,,,,,,,,,,,,,,,,,,,,,,,,,,,,,,,,,,,,,,,,,,,,,,,,,,,,,,,,,,,,,,,
208,KOI-723.06,Uncharted Space,,Kepler-222 System,Kepler-222,,Ice Giant,,,,Carbon-dioxyde,,,,,,,,,,,,,,,,,,,,,,,,,,,,,,,,,,,,,,,,,,,,,,,,,,,,,,,,,,,,,,,,,,,,,,,,,,,,,,,,,,,,,
209,Kepler-225c,Outer Rim (Anglo-Japanese Arm),Sector 949,Kepler-225 System,Kepler-225,,Aquatic,Davos Colony,,,Breathable (Terraformed),,Human,,,,,,,,,,,,,,,,,,,,,,,,,,,,,,,,,,,,,,,,,,,,,,,,,,,,,,,,,,,,,,,,,,,,,,,,,,,,,,,,,,,
210,Kepler-231c,Uncharted Space,,Kepler-231 System,Kepler-231,,Super Earth,Dylan City,,,Breathable (Terraformed),,Human,Approximately 12 310 km,,,,,,,,,,,,,,,,,,,,,,,,,,,,,,,,,,,,,,,,,,,,,,,,,,,,,,,,,,,,,,,,,,,,,,,,,,,,,,,,,,
211,Kepler-235d,Outer Veil (Anglo-Japanese Arm),,Kepler-235 System,Kepler-235,,Super Earth,Craft City,,,Breathable (Terraformed),,Human,Approximately 13 075 km,,,,,,,,,,,,,,,,,,,,,,,,,,,,,,,,,,,,,,,,,,,,,,,,,,,,,,,,,,,,,,,,,,,,,,,,,,,,,,,,,,
212,Kepler-235e,Outer Veil (Anglo-Japanese Arm),,Kepler-235 System,Kepler-235,,Ice Giant,Ruby Colony,,,Breathable (Terraformed),,Human,Approximately 14 159 km,,,,,,,,,,,,,,,,,,,,,,,,,,,,,,,,,,,,,,,,,,,,,,,,,,,,,,,,,,,,,,,,,,,,,,,,,,,,,,,,,,
213,Kepler-236b,Uncharted Space,,Kepler-236 System,Kepler-236,,Super Earth,Brahms Colony,,,Breathable (Terraformed),,Human,Approximately 12 756 km,,,,,,,,,,,,,,,,,,,,,,,,,,,,,,,,,,,,,,,,,,,,,,,,,,,,,,,,,,,,,,,,,,,,,,,,,,,,,,,,,,
214,Kepler-705b,Uncharted Space,,Kepler-705 System,Kepler-705,,Ice Giant,Luther Colony,,,Breathable (Terraformed),,Human,Approximately 13 458 km,,,,,,,,,,,,,,,,,,,,,,,,,,,,,,,,,,,,,,,,,,,,,,,,,,,,,,,,,,,,,,,,,,,,,,,,,,,,,,,,,,
215,Korari,,,,,,,Weyland-Yutani research facility,,"Vast forests and jungles, deep chasms, rivers, some mountains","Oxygenated, breathable",Occasional thunderstorms,Human (migrated)Yautja (migrated)Korarian tree,Unknown,,,,,,,,,,,,,,,,,,,,,,,,,,,,,,,,,,,,,,,,,,,,,,,,,,,,,,,,,,,,,,,,,,,,,,,,,,,,,,,,,,
216,Linna 349,Outer Rim (Anglo-Japanese Arm),Tartarus Sector,Gliese 300 System,Gliese 300,,Terrestrial,"Two colonies, Neusheune, Trobriands, Highway Two, Route 3 and Harare",,Mountainous glades and high peaks,Breathable,"Semi arid, rainy summers and dry winters",Human,,,,,,,,,,,,,,,,,,,,,,,,,,,,,,,,,,,,,,,,,,,,,,,,,,,,,,,,,,,,,,,,,,,,,,,,,,,,,,,,,,,
217,Lacaille 8760 IV,Outer Veil (American Arm),American Corridor,Lacaille 8760 System,Lacaille 8760,Avril,,,,,Breathable,,Human,,,,,,,,,,,,,,,,,,,,,,,,,,,,,,,,,,,,,,,,,,,,,,,,,,,,,,,,,,,,,,,,,,,,,,,,,,,,,,,,,,,
218,Sigourney Weaver,Outer Veil,Neroid Sector[16],,2,,M-class,,Saturn,,,,HumansFishRampant insect life,"5,152 km",,,,,,,,"October 8, 1949", American,Sigourney Weaver,Alien: Isolation,Ellen Ripley,Ridley Scott,Tom SkerrittSigourney WeaverVeronica CartwrightHarry Dean StantonJohn HurtIan HolmYaphet Kotto,"Trident Comics (Vol. 1 #1-16)Dark Horse International (Vol. 1 #17-Vol. 2, #22)","April 26, 2016",334 meters (1096 ft.)[15],Aliens,Lee Brimmicombe-Wood,"July 5, 2010","48 (Vol. 1 #1-11)64 (Vol. 1 #12-16)52 (Vol. 1 #17, Vol. 2 #1-22)","January 7, 2092[1]","Olympia, Luna, United Americas[1]",Warrant Officer[2] (formerly)Lieutenant 1st Class[3],"Alex (husband, formerly)[4]Amanda Ripley-McClaren (daughter)Alan Decker (descendant)[5]",Yautja,Destroyed,Female,98 meters (322 ft.)[15],BrownShaved on Fiorina 161[7],Brown,Sole human survivor of the USCSS Nostromo Xenomorph encounter.[9]Holds the record for longest recorded hypersleep.[10]Survived the first Hadley's Hope Xenomorph infestation.[2]Killed a Xenomorph Queen.,Sigourney WeaverLani MinellaLaurel Lefkow,Aliens vs. PredatorAliens vs. Predator: Blood TimeAliens vs. Predator: DuelAliens vs. Predator: WarAliens vs. Predator: EternalAliens vs. Predator: Old SecretsAliens vs. Predator: The Web,Omnibus,Gordon CarrollDavid GilerWalter HillRonald Shusett (executive producer),Story:Dan O'BannonRonald ShusettScreenplay:Dan O'BannonDavid Giler (uncredited)Walter Hill (uncredited),Jerry Goldsmith,Derek Vanlint,Terry RawlingsPeter WeatherleyDavid Crowther (Director's Cut),Brandywine Productions,20th Century Fox,119 minutes[11],$11 million[12][13],"$104,931,801",ESRB: T (Teen)PEGI: 12,Predator 2,EA Games,Real-time strategy,PlayStation 2Xbox,"Martin Skidmore (Vol. #1-16)Michael W. Bennent (Vol. 1 #17, Vol. 2 #1)Dick Hansom (Vol. 2 #1-10)Cefn Ridout (Vol. 2 #6-22)",Dave HughesLee Brimmicombe-WoodJim Campbell,Monthly,Feb 1991,Apr 1994 (Vol. 2 #22),United Kingdom,21st century,Human,Yutani,"Cybernetics, research and development, Yautja technology procurement and research",John Debney,La-La Land Records,Heckler & Koch GmbH,CM-88B Bison[14],1809246(09)[15],215 meters (705 ft.)[15],"63,000 metric tonnes","$42,000,000",Scimitar,Cutting blades,Length20.5 cm,18-round detachable box magazine,Semi-automatic or 3-round burst,9×19mm Parabellum,Blowback,2200 rounds/min (3-round burst mode),50 m (effective),Mid-late 20th century2170s,Crashed Engineer vessel,Acheron (LV-426),Alien,Alien: Isolation
219,LV-1113,Uncharted Space,,26 Draconis System,26 Dra A & B and Gliese 685,,Terrestrial,Engineer Structures,,,Breathable,,Engineers (formerly),,,,,,,,,,,,,,,,,,,,,,,,,,,,,,,,,,,,,,,,,,,,,,,,,,,,,,,,,,,,,,,,,,,,,,,,,,,,,,,,,,,
220,LV-1201,,,,Two,One,,,,,,,Engineers (formerly)Yautja (formerly)XenomorphsHumans (formerly),,,,,,,,,,,,,,,,,,,,,,,,,,,,,,,,,,,,,,,,,,,,,,,,,,,,,,,,,,,,,,,,,,,,,,,,,,,,,,,,,,,
221,LV-412,,,,,,,Yautja PyramidXenomorph HiveColonial Marine compound,,Mostly rocky,Breathable,,Yautja (formerly)XenomorphsHumans(formerly),,,,,,,,,,,,,,,,,,,,,,,,,,,,,,,,,,,,,,,,,,,,,,,,,,,,,,,,,,,,,,,,,,,,,,,,,,,,,,,,,,,
222,LV-492,,,,,,Terrestrial,Greenhouse 112,,"Jungles, tundra",,,Human,,,,,,,,,,,,,,,,,,,,,,,,,,,,,,,,,,,,,,,,,,,,,,,,,,,,,,,,,,,,,,,,,,,,,,,,,,,,,,,,,,,
223,LV-742,,,,,,Terrestrial,Mining coloniesMarine outpostsKadinsky's Research labYautja Ancients mothership.,,"Deserts, jungles, swamps and canyons.",Breathable (Terraformed),From temperate to arid,KrilticKurnOswocGro'tyeXenomorph (non-native)Yautjas (non-native)Humans (non-native),,,,,,,,,,,,,,,,,,,,,,,,,,,,,,,,,,,,,,,,,,,,,,,,,,,,,,,,,,,,,,,,,,,,,,,,,,,,,,,,,,,
224,LV-871,Frontier (American Arm),Far Reach of the American Arm,Gliese 469 system,Wolf 414 A & B,,Terrestrial,Trono ColonyTerraforming Plant Number 3,,Rocky,Breathable (Terraformed),Dust storms,Humans (formerly)Xenomorph,,,,,,,,,,,,,,,,,,,,,,,,,,,,,,,,,,,,,,,,,,,,,,,,,,,,,,,,,,,,,,,,,,,,,,,,,,,,,,,,,,,
225,LV-895,Outer Rim,Tartarus Sector,HIP53020 System,,1,Earth-like,Pala StationSite Two,LV-895,Jungle,Breathable,,Leon-895Engineers (formerly) Xenomorphs (introduced),< 9000 klicks,,,,,,,,,,,,,,,,,,,,,,,,,,,,,,,,,,,,,,,,,,,,,,,,,,,,,,,,,,,,,,,,,,,,,,,,,,,,,,,,,,
226,LV-KR 115,Frontier (American Amr),Near Far Reach of the American Arm,Nu Phoenicis system,Nu Phoenicis,,Terrestrial,Agricultural ColonyCrop Fields,,GrasslandsPrairies,Breathable (Terraformed),Temperate,Humans (formerly)Swarm (formerly),,,,,,,,,,,,,,,,,,,,,,,,,,,,,,,,,,,,,,,,,,,,,,,,,,,,,,,,,,,,,,,,,,,,,,,,,,,,,,,,,,,
227,Mars,,,Solar System,Sol,PhobosDeimos,Terrestrial,Valles ColonyLeo Colony,,,0.146% Oxygen 95.97% Carbon Dioxide0.0557% Carbon Monoxide1.89% Nitrogen1.93% Argon,,Human,"3,386 km",24.6 hours,687 days,,,,,,,,,,,,,,,,,,,,,,,,,,,,,,,,,,,,,,,,,,,,,,,,,,,,,,,,,,,,,,,,,,,,,,,,,,,,,,,,
228,,,,,,,,,,,,,,,,,,,,,,,,,,,,,,,,,,,,,,,,,,,,,,,,,,,,,,,,,,,,,,,,,,,,,,,,,,,,,,,,,,,,,,,,,,,,,,,,
229,,,,,,,,,,,,,,,,,,,,,,,,,,,,,,,,,,,,,,,,,,,,,,,,,,,,,,,,,,,,,,,,,,,,,,,,,,,,,,,,,,,,,,,,,,,,,,,,
230,,,,,,,,,,,,,,,,,,,,,,,,,,,,,,,,,,,,,,,,,,,,,,,,,,,,,,,,,,,,,,,,,,,,,,,,,,,,,,,,,,,,,,,,,,,,,,,,
231,,,,,,,,,,,,,,,,,,,,,,,,,,,,,,,,,,,,,,,,,,,,,,,,,,,,,,,,,,,,,,,,,,,,,,,,,,,,,,,,,,,,,,,,,,,,,,,,
232,,,,,,,,,,,,,,,,,,,,,,,,,,,,,,,,,,,,,,,,,,,,,,,,,,,,,,,,,,,,,,,,,,,,,,,,,,,,,,,,,,,,,,,,,,,,,,,,
233,Motinea,Core Systems (Anglo-Japanese Arm),,Ross 128 System,Ross 128,,Terrestrial,,,,Breathable,,Human,,,,,,,,,,,,,,,,,,,,,,,,,,,,,,,,,,,,,,,,,,,,,,,,,,,,,,,,,,,,,,,,,,,,,,,,,,,,,,,,,,,
234,78 Nu Ceti III,Uncharted Space,,Nu Ceti System,Nu Ceti A & B,,,,,,Breathable,,Human,,,,,,,,,,,,,,,,,,,,,,,,,,,,,,,,,,,,,,,,,,,,,,,,,,,,,,,,,,,,,,,,,,,,,,,,,,,,,,,,,,,
235,52 Tau Ceti II,Outer Veil (UPP Sector),,Tau Ceti System,Tau Ceti,,,Ezell ASFBTrobriands region,,,Breathable,,Human,,,,,,,,,,,,,,,,,,,,,,,,,,,,,,,,,,,,,,,,,,,,,,,,,,,,,,,,,,,,,,,,,,,,,,,,,,,,,,,,,,,
236,,,,,,,,,,,,,,,,,,,,,,,,,,,,,,,,,,,,,,,,,,,,,,,,,,,,,,,,,,,,,,,,,,,,,,,,,,,,,,,,,,,,,,,,,,,,,,,,
237,,,,,,,,,,,,,,,,,,,,,,,,,,,,,,,,,,,,,,,,,,,,,,,,,,,,,,,,,,,,,,,,,,,,,,,,,,,,,,,,,,,,,,,,,,,,,,,,
238,Nivalis-4,Outer Rim (American Arm),Crestus Prime Cluster,HR 7722 system,HR 7722,,Terrestrial,Weyland-Yutani Artificial Humanoid Fabrication PlantXenomorph Cavern,,Icy plains,Breathable,Cold,Humans (formerly)Xenomorph,,,,,,,,,,,,,,,,,,,,,,,,,,,,,,,,,,,,,,,,,,,,,,,,,,,,,,,,,,,,,,,,,,,,,,,,,,,,,,,,,,,
239,,,,,,,,,,,,,,,,,,,,,,,,,,,,,,,,,,,,,,,,,,,,,,,,,,,,,,,,,,,,,,,,,,,,,,,,,,,,,,,,,,,,,,,,,,,,,,,,
240,,,,,,,,,,,,,,,,,,,,,,,,,,,,,,,,,,,,,,,,,,,,,,,,,,,,,,,,,,,,,,,,,,,,,,,,,,,,,,,,,,,,,,,,,,,,,,,,
241,PCW9512,,,,1,,,Single Landmass on surface,,,,,ApetoidsPteras,,,,,,,,,,,,,,,,,,,,,,,,,,,,,,,,,,,,,,,,,,,,,,,,,,,,,,,,,,,,,,,,,,,,,,,,,,,,,,,,,,,
242,Planet-4,,Sector 87,,,2,Unchartered,,,,19.5% Oxygen 79.4% Nitrogen,,NeomorphsPraetomorphs,,,,,,,,,,,,,,,,,,,,,,,,,,,,,,,,,,,,,,,,,,,,,,,,,,,,,,,,,,,,,,,,,,,,,,,,,,,,,,,,,,,
243,Pluto,,,Solar System,Sun,Charon,Terrestrial,,,,NitrogenCarbon MonoxideMethane,,,"2,306 km",153.3 hours,248 years,,,,,,,,,,,,,,,,,,,,,,,,,,,,,,,,,,,,,,,,,,,,,,,,,,,,,,,,,,,,,,,,,,,,,,,,,,,,,,,,
244,,,,,,,,,,,,,,,,,,,,,,,,,,,,,,,,,,,,,,,,,,,,,,,,,,,,,,,,,,,,,,,,,,,,,,,,,,,,,,,,,,,,,,,,,,,,,,,,
245,,,,,,,,,,,,,,,,,,,,,,,,,,,,,,,,,,,,,,,,,,,,,,,,,,,,,,,,,,,,,,,,,,,,,,,,,,,,,,,,,,,,,,,,,,,,,,,,
246,Pylos,,,34099x788*PPelops system,,,Gas Giant,,,,,,,,,,,,,,,,,,,,,,,,,,,,,,,,,,,,,,,,,,,,,,,,,,,,,,,,,,,,,,,,,,,,,,,,,,,,,,,,,,,,,,,,,
247,,,,,,,,,,,,,,,,,,,,,,,,,,,,,,,,,,,,,,,,,,,,,,,,,,,,,,,,,,,,,,,,,,,,,,,,,,,,,,,,,,,,,,,,,,,,,,,,
248,,,,,,,,,,,,,,,,,,,,,,,,,,,,,,,,,,,,,,,,,,,,,,,,,,,,,,,,,,,,,,,,,,,,,,,,,,,,,,,,,,,,,,,,,,,,,,,,
249,,,,,,,,,,,,,,,,,,,,,,,,,,,,,,,,,,,,,,,,,,,,,,,,,,,,,,,,,,,,,,,,,,,,,,,,,,,,,,,,,,,,,,,,,,,,,,,,
250,Rim,Outer Rim (Anglo-Japanese Arm),Sector 949,Gliese 1105 system,Gliese 1105,,Terrestrial,Rim colonyAtmospheric Processor,,,Breathable,Rainy,Humans (formerly)Xenomorph (formerly),,,,,,,,,,,,,,,,,,,,,,,,,,,,,,,,,,,,,,,,,,,,,,,,,,,,,,,,,,,,,,,,,,,,,,,,,,,,,,,,,,,
251,,,,,,,,,,,,,,,,,,,,,,,,,,,,,,,,,,,,,,,,,,,,,,,,,,,,,,,,,,,,,,,,,,,,,,,,,,,,,,,,,,,,,,,,,,,,,,,,
252,,,,,,,,,,,,,,,,,,,,,,,,,,,,,,,,,,,,,,,,,,,,,,,,,,,,,,,,,,,,,,,,,,,,,,,,,,,,,,,,,,,,,,,,,,,,,,,,
253,Ryushi,,,Beta Cygni,2,,,Prosperity WellsRyushi Queen,,Desertous,,Arid,RhynthBriar wolfJack-lizardFire-walkerHuman,,,,,,,,,,,,,,,,,,,,,,,,,,,,,,,,,,,,,,,,,,,,,,,,,,,,,,,,,,,,,,,,,,,,,,,,,,,,,,,,,,,
254,,,,,,,,,,,,,,,,,,,,,,,,,,,,,,,,,,,,,,,,,,,,,,,,,,,,,,,,,,,,,,,,,,,,,,,,,,,,,,,,,,,,,,,,,,,,,,,,
255,,,,,,,,,,,,,,,,,,,,,,,,,,,,,,,,,,,,,,,,,,,,,,,,,,,,,,,,,,,,,,,,,,,,,,,,,,,,,,,,,,,,,,,,,,,,,,,,
256,,,,,,,,,,,,,,,,,,,,,,,,,,,,,,,,,,,,,,,,,,,,,,,,,,,,,,,,,,,,,,,,,,,,,,,,,,,,,,,,,,,,,,,,,,,,,,,,
257,Saturn,,,Solar System,Sol,MimasEnceladusTethysDioneRheaTitanHyperionIapetusPhoebeNumerous others,Gas Giant,,,,"96% hydrogen, 3% helium, 1% others (ammonia, acetylene, ethane, propane, phosphine, methane, etc.)",,,"57,316 km",10 hours 42 minutes,29.4 years,,,,,,,,,,,,,,,,,,,,,,,,,,,,,,,,,,,,,,,,,,,,,,,,,,,,,,,,,,,,,,,,,,,,,,,,,,,,,,,,
258,,,,,,,,,,,,,,,,,,,,,,,,,,,,,,,,,,,,,,,,,,,,,,,,,,,,,,,,,,,,,,,,,,,,,,,,,,,,,,,,,,,,,,,,,,,,,,,,
259,,,,,,,,,,,,,,,,,,,,,,,,,,,,,,,,,,,,,,,,,,,,,,,,,,,,,,,,,,,,,,,,,,,,,,,,,,,,,,,,,,,,,,,,,,,,,,,,
260,Alpha Caeli Vb-h,Frontier (American Arm),Far Reach,Alpha Caeli System,Alpha Caeli V A & B,,Terrestrial,USCMC Garrison (Alpha Caeli Vg)Seegson OfficesVarious Mining Colonies,Alpha Caeli V,,,,Human,,,,,,,,,,,,,,,,,,,,,,,,,,,,,,,,,,,,,,,,,,,,,,,,,,,,,,,,,,,,,,,,,,,,,,,,,,,,,,,,,,,
261,,,,,,,,,,,,,,,,,,,,,,,,,,,,,,,,,,,,,,,,,,,,,,,,,,,,,,,,,,,,,,,,,,,,,,,,,,,,,,,,,,,,,,,,,,,,,,,,
262,Delta Pavonis IV,Outer Rim (American Arm),Cerberus Sector,Delta Pavonis System,Delta Pavonis,,,USCMC Garrison,,,Breathable,,Human,,,,,,,,,,,,,,,,,,,,,,,,,,,,,,,,,,,,,,,,,,,,,,,,,,,,,,,,,,,,,,,,,,,,,,,,,,,,,,,,,,,
263,Tanaka 5,,,,1,1,Terrestrial,Unnamed human colonySector AlphaSector 27Xenomorph Hive,,Rocky deserts,Breathable,Presumably quite hot,HumansTanaka 5 ScorpionsXenomorphs,,,,,,,,,,,,,,,,,,,,,,,,,,,,,,,,,,,,,,,,,,,,,,,,,,,,,,,,,,,,,,,,,,,,,,,,,,,,,,,,,,,
264,NN3346-5,Frontier (American Arm),Far Reach of the American Arm,NN3346 System,NN3346 (Tanaka),,,Underground ruins (rumored),,Terrestrial,Breathable,Desertic,Tanakan Scorpionids,,,,,,,,,,,,,,,,,,,,,,,,,,,,,,,,,,,,,,,,,,,,,,,,,,,,,,,,,,,,,,,,,,,,,,,,,,,,,,,,,,,
265,Tartarus,,,,,,Aquatic,,,,Breathable,,Yautja (non-native),,,,,,,,,,,,,,,,,,,,,,,,,,,,,,,,,,,,,,,,,,,,,,,,,,,,,,,,,,,,,,,,,,,,,,,,,,,,,,,,,,,
266,TerraForm 3,,,,1,1,Terrestrial,Unnamed Earth colonyTuva SettlementRanches,,"Rocky deserts, grassy farmlands, small seas, and a large ocean",Breathable,Presumably rather hot,HumansBovinesSnakesMantidsXenomorphs (formerly),,,,,,,,,,,,,,,,,,,,,,,,,,,,,,,,,,,,,,,,,,,,,,,,,,,,,,,,,,,,,,,,,,,,,,,,,,,,,,,,,,,
267,Gamma Leporis A3,Frontier (American Arm),Near Tartarus Sector,Gamma Leporis System,Gamma Leporis A,,,Steer CityVarious FarmsAtmosphere Processing PlantSpaceport,,Terrestrial,Breathable (Terraformed),,Human,,,,,,,,,,,,,,,,,,,,,,,,,,,,,,,,,,,,,,,,,,,,,,,,,,,,,,,,,,,,,,,,,,,,,,,,,,,,,,,,,,,
268,Thedus,Frontier (American Arm),Far Reach of the American Arm,Epsilon Reticuli System,Epsilon Reticuli A & B,,Terrestrial,USCMC GarrisonWeyland-Yutani Offices,,Mountains and Canyons,Breathable,Cold thin atmosphere,Human,,,,,,,,,,,,,,,,,,,,,,,,,,,,,,,,,,,,,,,,,,,,,,,,,,,,,,,,,,,,,,,,,,,,,,,,,,,,,,,,,,,
269,,,,,,,,,,,,,,,,,,,,,,,,,,,,,,,,,,,,,,,,,,,,,,,,,,,,,,,,,,,,,,,,,,,,,,,,,,,,,,,,,,,,,,,,,,,,,,,,
270,8 Eta Boötis A III,Outer Rim,Borodino Sector,Eta Boötis System,Eta Boötis A,,Terrestrial,Tientsin Colony and several small independent groupings,,"Island chains with dense jungles, wetlands and deep alkaline seas",Breathable,"Hot and humid, rain storms",Humans,,,,,,,,,,,,,,,,,,,,,,,,,,,,,,,,,,,,,,,,,,,,,,,,,,,,,,,,,,,,,,,,,,,,,,,,,,,,,,,,,,,
271,Tirgu-Mires,Frontier (American Arm),Far Reach of the American Arm,Gliese 1401 system,Gliese 1401B,,Terrestrial,ColonyInfamous CaveWell's ChurchEngineer Ship,,ForestDesert,Breathable,,HumansEngineer (formerly)Xenomorph (formerly)Wraith (formerly),,,,,,,,,,,,,,,,,,,,,,,,,,,,,,,,,,,,,,,,,,,,,,,,,,,,,,,,,,,,,,,,,,,,,,,,,,,,,,,,,,,
272,Torin Prime,Outer Rim (American Arm),Tartarus Sector,Gliese 229 System,Gliese 229A,,Terrestrial,Concentration Camp GR-161,,Mountainous glades and high peaks,Breathable,"Semi arid, rainy summers and dry winters",Human,,,,,,,,,,,,,,,,,,,,,,,,,,,,,,,,,,,,,,,,,,,,,,,,,,,,,,,,,,,,,,,,,,,,,,,,,,,,,,,,,,,
273,Unidentified Moon (Third Base),Core Systems,Sol Sector,Classified,Unknown,,Terrestrial,USCMC Third BaseCivilian Colony,,Barren wasteland,Breathable,Torrential downpour and electrical storms,Humans (formerly)Xenomorph,,,,,,,,,,,,,,,,,,,,,,,,,,,,,,,,,,,,,,,,,,,,,,,,,,,,,,,,,,,,,,,,,,,,,,,,,,,,,,,,,,,
274,,,,,,,,,,,,,,,,,,,,,,,,,,,,,,,,,,,,,,,,,,,,,,,,,,,,,,,,,,,,,,,,,,,,,,,,,,,,,,,,,,,,,,,,,,,,,,,,
275,Vega 4,Lyra constellation,,,,Two,Terrestrial,New Shanghai,,Just like Earth,Breathable by Humans,,Humans (not indigenous)Xenomorphs (not indigenous)Yautjas (not indigenous),,,,,,,,,,,,,,,,,,,,,,,,,,,,,,,,,,,,,,,,,,,,,,,,,,,,,,,,,,,,,,,,,,,,,,,,,,,,,,,,,,,
276,Xarem,,,,,,,Xarem Corporation nickel refinery,,Contains nickel,,,Humans (migrated),,,,,,,,,,,,,,,,,,,,,,,,,,,,,,,,,,,,,,,,,,,,,,,,,,,,,,,,,,,,,,,,,,,,,,,,,,,,,,,,,,,
277,G-435 (Achilles 2.4),"Far Reach, Uncharted Space",Sector 117,Achilles System (Psi Velorum),Achilles 1 & 2,,Terrestrial,Xenomorphs Queen Mother Hive and dozens of others hives.,,"Wasteland, shallow swamps and salty seas with minimal vegetation.",Barely Breathable,Hot and humid,XenomorphUnidentified Flying SpeciesUnnamed Xenomorph Predators,,,,,,,,,,,,,,,,,,,,,,,,,,,,,,,,,,,,,,,,,,,,,,,,,,,,,,,,,,,,,,,,,,,,,,,,,,,,,,,,,,,
278,Yautja Prime,,,,2,,Terrestrial,,,"Cities, Deserts, Swamps, Forests, Jungles, Savannas",Breathable,,YautjaBerserker Yautja Vy'drachsPredator HoundsK'yipsasQuatza-RijsPredator HorsesBlood-pigs,,,,,,,,,,,,,,,,,,,,,,,,,,,,,,,,,,,,,,,,,,,,,,,,,,,,,,,,,,,,,,,,,,,,,,,,,,,,,,,,,,,
279,Zagreus,,,NN3637,2,,Earth-like,Zagreus (Colony)SeasteadsWoodlandsWetlands,,Woodlands Wetlands  Grasslands Polar ice caps Mountains coast,Breathable,Diverse,Lion-wormSnuffle-squirrelZagreus-HippoHuman (Colonized)Xenomorph (Introduced),,,,,,,,,,,,,,,,,,,,,,,,,,,,,,,,,,,,,,,,,,,,,,,,,,,,,,,,,,,,,,,,,,,,,,,,,,,,,,,,,,,
280,,,,,,,,,,,,,,,,,,,,,,,,,,,,,,,,,,,,,,,,,,,,,,,,,,,,,,,,,,,,,,,,,,,,,,,,,,,,,,,,,,,,,,,,,,,,,,,,
281,Jericho 3,,,Unknown,1 (unnamed),,,V-22 (testing facility)Prototype colony,,,,VariableExtreme highs and lows,,,,,,,,,,,,,,,,,,,,,,,,,,,,,,,,,,,,,,,,,,,,,,,,,,,,,,,,,,,,,,,,,,,,,,,,,,,,,,,,,,,,
282,Joliet,Outer Rim (American Arm),Edge of Borodino and Cerberus Sectors,Gliese 326-3827 System,Gliese 326-3827,,Terrestrial,Alphatech Joliet Mining Facility,Bracken's World,,Breathable,,Human (formerly)Xenomorph (non-native),,,,,,,,,,,,,,,,,,,,,,,,,,,,,,,,,,,,,,,,,,,,,,,,,,,,,,,,,,,,,,,,,,,,,,,,,,,,,,,,,,,
283,JPG-973c,Frontier (Anglo-Japanese Sector),Weyland Isles Sector,JPG-973 System,JPG-973,,,Tark-Weyland Station,,,,,Human,,,,,,,,,,,,,,,,,,,,,,,,,,,,,,,,,,,,,,,,,,,,,,,,,,,,,,,,,,,,,,,,,,,,,,,,,,,,,,,,,,,
284,Jupiter,,,Solar System,Sol,IoEuropaGanymedeCallistoNumerous others,Gas Giant,,,,"88–92% hydrogen8–12% helium1% others (methane, water vapor, ammonia, etc.)",,,"139,822 km",9.9 hours,12 years,,,,,,,,,,,,,,,,,,,,,,,,,,,,,,,,,,,,,,,,,,,,,,,,,,,,,,,,,,,,,,,,,,,,,,,,,,,,,,,,
285,,,,,,,,,,,,,,,,,,,,,,,,,,,,,,,,,,,,,,,,,,,,,,,,,,,,,,,,,,,,,,,,,,,,,,,,,,,,,,,,,,,,,,,,,,,,,,,,
286,Kepler-22b,Outer Rim (UPP Sector),,Kepler-22 System,Kepler-22,,,Pozhalujsta OutpostVanderaart Outpost,,,Breathable (Terraformed),,Human,Approximately 15 156 km,,,,,,,,,,,,,,,,,,,,,,,,,,,,,,,,,,,,,,,,,,,,,,,,,,,,,,,,,,,,,,,,,,,,,,,,,,,,,,,,,,
287,KG-348,Frontier,,Zeta Reticuli,,,Gas Giant,Sevastopol Station,,,Helium-3,,,,,,,,,,,,,,,,,,,,,,,,,,,,,,,,,,,,,,,,,,,,,,,,,,,,,,,,,,,,,,,,,,,,,,,,,,,,,,,,,,,,,
288,,,,,,,,,,,,,,,,,,,,,,,,,,,,,,,,,,,,,,,,,,,,,,,,,,,,,,,,,,,,,,,,,,,,,,,,,,,,,,,,,,,,,,,,,,,,,,,,
289,KOI-227.01,Outer Rim (UPP Sector),,KOI-227 System,KOI-227,,Terrestrial,Hualien Colony,,,Breathable (Terraformed),,Human,Approximately 9 312 km,,,,,,,,,,,,,,,,,,,,,,,,,,,,,,,,,,,,,,,,,,,,,,,,,,,,,,,,,,,,,,,,,,,,,,,,,,,,,,,,,,
290,Kepler-1663b,Outer Rim (UPP Sector),,Kepler-1663 System,Kepler-1663,,Ice giant,September Outpost,,,Breathable (Terraformed),Cold,Human,Approximately 41 247 km,,,,,,,,,,,,,,,,,,,,,,,,,,,,,,,,,,,,,,,,,,,,,,,,,,,,,,,,,,,,,,,,,,,,,,,,,,,,,,,,,,
291,Kepler-505b,Outer Veil (UPP Sector),,Kepler-505 System,Kepler-505,,Ice Giant,Honshu Colony,,,Breathable (Terraformed),,Human,Approximately 16 219 km,,,,,,,,,,,,,,,,,,,,,,,,,,,,,,,,,,,,,,,,,,,,,,,,,,,,,,,,,,,,,,,,,,,,,,,,,,,,,,,,,,
292,KOI-268.01,Uncharted Space,,KOI-268 System,KOI-268,,Super Earth,June Outpost,,,Breathable (Terraformed),,Human,Approximately 22 936 km,,,,,,,,,,,,,,,,,,,,,,,,,,,,,,,,,,,,,,,,,,,,,,,,,,,,,,,,,,,,,,,,,,,,,,,,,,,,,,,,,,
293,Kepler-138c,Uncharted Space,,Kepler-138 System,Kepler-138,,Super Earth,Atlas City,,,Breathable (Terraformed),,Human,Approximately 15 252 km,,,,,,,,,,,,,,,,,,,,,,,,,,,,,,,,,,,,,,,,,,,,,,,,,,,,,,,,,,,,,,,,,,,,,,,,,,,,,,,,,,
294,KOI-323.08,Uncharted Space,,Kepler-523 System,Kepler-523,,,Research facility,,,,,,,,,,,,,,,,,,,,,,,,,,,,,,,,,,,,,,,,,,,,,,,,,,,,,,,,,,,,,,,,,,,,,,,,,,,,,,,,,,,,,,,,
295,Kepler-155c,Outer Veil (UPP Sector),,Kepler-155 System,Kepler-155,,Ice Giant,Horizon City,,,Breathable (Terraformed),,Human,Approximately 13 982 km,,,,,,,,,,,,,,,,,,,,,,,,,,,,,,,,,,,,,,,,,,,,,,,,,,,,,,,,,,,,,,,,,,,,,,,,,,,,,,,,,,
296,Kepler-159c,Outer Rim (UPP Sector),,Kepler-159 System,Kepler-159,,Ice Giant,T'Toa Colony,,,Breathable (Terraformed),,Human,Approximately 21 253 km,,,,,,,,,,,,,,,,,,,,,,,,,,,,,,,,,,,,,,,,,,,,,,,,,,,,,,,,,,,,,,,,,,,,,,,,,,,,,,,,,,
297,Kepler-560b,Uncharted Space,,Kepler-560 System,Kepler-560,,Super Earth,Hera City,,,Breathable (Terraformed),,Human,Approximately 10 958 km,,,,,,,,,,,,,,,,,,,,,,,,,,,,,,,,,,,,,,,,,,,,,,,,,,,,,,,,,,,,,,,,,,,,,,,,,,,,,,,,,,
298,Kepler-577b,Outer Veil (UPP Sector),,Kepler-577 System,Kepler-577,,Ice Giant,Angkor Colony,,,Breathable (Terraformed),,Human,Approximately 16 229 km,,,,,,,,,,,,,,,,,,,,,,,,,,,,,,,,,,,,,,,,,,,,,,,,,,,,,,,,,,,,,,,,,,,,,,,,,,,,,,,,,,
299,Kepler-186d,Outer Veil (UPP Sector),,Kepler-186 System,Kepler-186,,Super Earth,Corinth Colony,,,Breathable (Terraformed),,Human,Approximately 7 973 km,,,,,,,,,,,,,,,,,,,,,,,,,,,,,,,,,,,,,,,,,,,,,,,,,,,,,,,,,,,,,,,,,,,,,,,,,,,,,,,,,,
300,Kepler-622b,Uncharted Space,,Kepler-622 System,Kepler-622,,Ice Giant,May Outpost,,,Breathable (Terraformed),,Human,Approximately 13 585 km,,,,,,,,,,,,,,,,,,,,,,,,,,,,,,,,,,,,,,,,,,,,,,,,,,,,,,,,,,,,,,,,,,,,,,,,,,,,,,,,,,
301,Kepler-205c,Uncharted Space,,Kepler-205 System,Kepler-205,,Ice Giant,Lutetia Colony,,,Breathable (Terraformed),,Human,Approximately 10 460 km,,,,,,,,,,,,,,,,,,,,,,,,,,,,,,,,,,,,,,,,,,,,,,,,,,,,,,,,,,,,,,,,,,,,,,,,,,,,,,,,,,
302,Kepler-62,Uncharted Space,,Kepler-62 System,Kepler-62,,Ice Giant,December Outpost,,,Breathable (Terraformed),,Human,Approximately 12 437 km,,,KOI-701KIC 6425957,Orange Dwarf,989.44,303.51,Spinward,,,,,,,,,,,,,,,,,,,,,,,,,,,,,,,,,,,,,,,,,,,,,,,,,,,,,,,,,,,,,,,,,,,,,,,,,,,
303,Kepler-62d,Uncharted Space,,Kepler-62 System,Kepler-62,,Ice Giant,December Outpost,,,Breathable (Terraformed),,Human,Approximately 12 437 km,,,,,,,,,,,,,,,,,,,,,,,,,,,,,,,,,,,,,,,,,,,,,,,,,,,,,,,,,,,,,,,,,,,,,,,,,,,,,,,,,,
304,KOI-723.06,Uncharted Space,,Kepler-222 System,Kepler-222,,Ice Giant,,,,Carbon-dioxyde,,,,,,,,,,,,,,,,,,,,,,,,,,,,,,,,,,,,,,,,,,,,,,,,,,,,,,,,,,,,,,,,,,,,,,,,,,,,,,,,,,,,,
305,Kepler-225c,Outer Rim (Anglo-Japanese Arm),Sector 949,Kepler-225 System,Kepler-225,,Aquatic,Davos Colony,,,Breathable (Terraformed),,Human,,,,,,,,,,,,,,,,,,,,,,,,,,,,,,,,,,,,,,,,,,,,,,,,,,,,,,,,,,,,,,,,,,,,,,,,,,,,,,,,,,,
306,Kepler-231c,Uncharted Space,,Kepler-231 System,Kepler-231,,Super Earth,Dylan City,,,Breathable (Terraformed),,Human,Approximately 12 310 km,,,,,,,,,,,,,,,,,,,,,,,,,,,,,,,,,,,,,,,,,,,,,,,,,,,,,,,,,,,,,,,,,,,,,,,,,,,,,,,,,,
307,Kepler-235d,Outer Veil (Anglo-Japanese Arm),,Kepler-235 System,Kepler-235,,Super Earth,Craft City,,,Breathable (Terraformed),,Human,Approximately 13 075 km,,,,,,,,,,,,,,,,,,,,,,,,,,,,,,,,,,,,,,,,,,,,,,,,,,,,,,,,,,,,,,,,,,,,,,,,,,,,,,,,,,
308,Kepler-235e,Outer Veil (Anglo-Japanese Arm),,Kepler-235 System,Kepler-235,,Ice Giant,Ruby Colony,,,Breathable (Terraformed),,Human,Approximately 14 159 km,,,,,,,,,,,,,,,,,,,,,,,,,,,,,,,,,,,,,,,,,,,,,,,,,,,,,,,,,,,,,,,,,,,,,,,,,,,,,,,,,,
309,Kepler-236b,Uncharted Space,,Kepler-236 System,Kepler-236,,Super Earth,Brahms Colony,,,Breathable (Terraformed),,Human,Approximately 12 756 km,,,,,,,,,,,,,,,,,,,,,,,,,,,,,,,,,,,,,,,,,,,,,,,,,,,,,,,,,,,,,,,,,,,,,,,,,,,,,,,,,,
310,Kepler-705b,Uncharted Space,,Kepler-705 System,Kepler-705,,Ice Giant,Luther Colony,,,Breathable (Terraformed),,Human,Approximately 13 458 km,,,,,,,,,,,,,,,,,,,,,,,,,,,,,,,,,,,,,,,,,,,,,,,,,,,,,,,,,,,,,,,,,,,,,,,,,,,,,,,,,,
311,Korari,,,,,,,Weyland-Yutani research facility,,"Vast forests and jungles, deep chasms, rivers, some mountains","Oxygenated, breathable",Occasional thunderstorms,Human (migrated)Yautja (migrated)Korarian tree,Unknown,,,,,,,,,,,,,,,,,,,,,,,,,,,,,,,,,,,,,,,,,,,,,,,,,,,,,,,,,,,,,,,,,,,,,,,,,,,,,,,,,,
312,Linna 349,Outer Rim (Anglo-Japanese Arm),Tartarus Sector,Gliese 300 System,Gliese 300,,Terrestrial,"Two colonies, Neusheune, Trobriands, Highway Two, Route 3 and Harare",,Mountainous glades and high peaks,Breathable,"Semi arid, rainy summers and dry winters",Human,,,,,,,,,,,,,,,,,,,,,,,,,,,,,,,,,,,,,,,,,,,,,,,,,,,,,,,,,,,,,,,,,,,,,,,,,,,,,,,,,,,
313,Lacaille 8760 IV,Outer Veil (American Arm),American Corridor,Lacaille 8760 System,Lacaille 8760,Avril,,,,,Breathable,,Human,,,,,,,,,,,,,,,,,,,,,,,,,,,,,,,,,,,,,,,,,,,,,,,,,,,,,,,,,,,,,,,,,,,,,,,,,,,,,,,,,,,
314,Sigourney Weaver,Outer Veil,Neroid Sector[16],,2,,M-class,,Saturn,,,,HumansFishRampant insect life,"5,152 km",,,,,,,,"October 8, 1949", American,Sigourney Weaver,Alien: Isolation,Ellen Ripley,Ridley Scott,Tom SkerrittSigourney WeaverVeronica CartwrightHarry Dean StantonJohn HurtIan HolmYaphet Kotto,"Trident Comics (Vol. 1 #1-16)Dark Horse International (Vol. 1 #17-Vol. 2, #22)","April 26, 2016",334 meters (1096 ft.)[15],Aliens,Lee Brimmicombe-Wood,"July 5, 2010","48 (Vol. 1 #1-11)64 (Vol. 1 #12-16)52 (Vol. 1 #17, Vol. 2 #1-22)","January 7, 2092[1]","Olympia, Luna, United Americas[1]",Warrant Officer[2] (formerly)Lieutenant 1st Class[3],"Alex (husband, formerly)[4]Amanda Ripley-McClaren (daughter)Alan Decker (descendant)[5]",Yautja,Destroyed,Female,98 meters (322 ft.)[15],BrownShaved on Fiorina 161[7],Brown,Sole human survivor of the USCSS Nostromo Xenomorph encounter.[9]Holds the record for longest recorded hypersleep.[10]Survived the first Hadley's Hope Xenomorph infestation.[2]Killed a Xenomorph Queen.,Sigourney WeaverLani MinellaLaurel Lefkow,Aliens vs. PredatorAliens vs. Predator: Blood TimeAliens vs. Predator: DuelAliens vs. Predator: WarAliens vs. Predator: EternalAliens vs. Predator: Old SecretsAliens vs. Predator: The Web,Omnibus,Gordon CarrollDavid GilerWalter HillRonald Shusett (executive producer),Story:Dan O'BannonRonald ShusettScreenplay:Dan O'BannonDavid Giler (uncredited)Walter Hill (uncredited),Jerry Goldsmith,Derek Vanlint,Terry RawlingsPeter WeatherleyDavid Crowther (Director's Cut),Brandywine Productions,20th Century Fox,119 minutes[11],$11 million[12][13],"$104,931,801",ESRB: T (Teen)PEGI: 12,Predator 2,EA Games,Real-time strategy,PlayStation 2Xbox,"Martin Skidmore (Vol. #1-16)Michael W. Bennent (Vol. 1 #17, Vol. 2 #1)Dick Hansom (Vol. 2 #1-10)Cefn Ridout (Vol. 2 #6-22)",Dave HughesLee Brimmicombe-WoodJim Campbell,Monthly,Feb 1991,Apr 1994 (Vol. 2 #22),United Kingdom,21st century,Human,Yutani,"Cybernetics, research and development, Yautja technology procurement and research",John Debney,La-La Land Records,Heckler & Koch GmbH,CM-88B Bison[14],1809246(09)[15],215 meters (705 ft.)[15],"63,000 metric tonnes","$42,000,000",Scimitar,Cutting blades,Length20.5 cm,18-round detachable box magazine,Semi-automatic or 3-round burst,9×19mm Parabellum,Blowback,2200 rounds/min (3-round burst mode),50 m (effective),Mid-late 20th century2170s,Crashed Engineer vessel,Acheron (LV-426),Alien,Alien: Isolation
315,LV-1113,Uncharted Space,,26 Draconis System,26 Dra A & B and Gliese 685,,Terrestrial,Engineer Structures,,,Breathable,,Engineers (formerly),,,,,,,,,,,,,,,,,,,,,,,,,,,,,,,,,,,,,,,,,,,,,,,,,,,,,,,,,,,,,,,,,,,,,,,,,,,,,,,,,,,
316,LV-1201,,,,Two,One,,,,,,,Engineers (formerly)Yautja (formerly)XenomorphsHumans (formerly),,,,,,,,,,,,,,,,,,,,,,,,,,,,,,,,,,,,,,,,,,,,,,,,,,,,,,,,,,,,,,,,,,,,,,,,,,,,,,,,,,,
317,LV-412,,,,,,,Yautja PyramidXenomorph HiveColonial Marine compound,,Mostly rocky,Breathable,,Yautja (formerly)XenomorphsHumans(formerly),,,,,,,,,,,,,,,,,,,,,,,,,,,,,,,,,,,,,,,,,,,,,,,,,,,,,,,,,,,,,,,,,,,,,,,,,,,,,,,,,,,
318,LV-492,,,,,,Terrestrial,Greenhouse 112,,"Jungles, tundra",,,Human,,,,,,,,,,,,,,,,,,,,,,,,,,,,,,,,,,,,,,,,,,,,,,,,,,,,,,,,,,,,,,,,,,,,,,,,,,,,,,,,,,,
319,LV-742,,,,,,Terrestrial,Mining coloniesMarine outpostsKadinsky's Research labYautja Ancients mothership.,,"Deserts, jungles, swamps and canyons.",Breathable (Terraformed),From temperate to arid,KrilticKurnOswocGro'tyeXenomorph (non-native)Yautjas (non-native)Humans (non-native),,,,,,,,,,,,,,,,,,,,,,,,,,,,,,,,,,,,,,,,,,,,,,,,,,,,,,,,,,,,,,,,,,,,,,,,,,,,,,,,,,,
320,LV-871,Frontier (American Arm),Far Reach of the American Arm,Gliese 469 system,Wolf 414 A & B,,Terrestrial,Trono ColonyTerraforming Plant Number 3,,Rocky,Breathable (Terraformed),Dust storms,Humans (formerly)Xenomorph,,,,,,,,,,,,,,,,,,,,,,,,,,,,,,,,,,,,,,,,,,,,,,,,,,,,,,,,,,,,,,,,,,,,,,,,,,,,,,,,,,,
321,LV-895,Outer Rim,Tartarus Sector,HIP53020 System,,1,Earth-like,Pala StationSite Two,LV-895,Jungle,Breathable,,Leon-895Engineers (formerly) Xenomorphs (introduced),< 9000 klicks,,,,,,,,,,,,,,,,,,,,,,,,,,,,,,,,,,,,,,,,,,,,,,,,,,,,,,,,,,,,,,,,,,,,,,,,,,,,,,,,,,
322,LV-KR 115,Frontier (American Amr),Near Far Reach of the American Arm,Nu Phoenicis system,Nu Phoenicis,,Terrestrial,Agricultural ColonyCrop Fields,,GrasslandsPrairies,Breathable (Terraformed),Temperate,Humans (formerly)Swarm (formerly),,,,,,,,,,,,,,,,,,,,,,,,,,,,,,,,,,,,,,,,,,,,,,,,,,,,,,,,,,,,,,,,,,,,,,,,,,,,,,,,,,,
323,Mars,,,Solar System,Sol,PhobosDeimos,Terrestrial,Valles ColonyLeo Colony,,,0.146% Oxygen 95.97% Carbon Dioxide0.0557% Carbon Monoxide1.89% Nitrogen1.93% Argon,,Human,"3,386 km",24.6 hours,687 days,,,,,,,,,,,,,,,,,,,,,,,,,,,,,,,,,,,,,,,,,,,,,,,,,,,,,,,,,,,,,,,,,,,,,,,,,,,,,,,,
324,,,,,,,,,,,,,,,,,,,,,,,,,,,,,,,,,,,,,,,,,,,,,,,,,,,,,,,,,,,,,,,,,,,,,,,,,,,,,,,,,,,,,,,,,,,,,,,,
325,,,,,,,,,,,,,,,,,,,,,,,,,,,,,,,,,,,,,,,,,,,,,,,,,,,,,,,,,,,,,,,,,,,,,,,,,,,,,,,,,,,,,,,,,,,,,,,,
326,,,,,,,,,,,,,,,,,,,,,,,,,,,,,,,,,,,,,,,,,,,,,,,,,,,,,,,,,,,,,,,,,,,,,,,,,,,,,,,,,,,,,,,,,,,,,,,,
327,,,,,,,,,,,,,,,,,,,,,,,,,,,,,,,,,,,,,,,,,,,,,,,,,,,,,,,,,,,,,,,,,,,,,,,,,,,,,,,,,,,,,,,,,,,,,,,,
328,,,,,,,,,,,,,,,,,,,,,,,,,,,,,,,,,,,,,,,,,,,,,,,,,,,,,,,,,,,,,,,,,,,,,,,,,,,,,,,,,,,,,,,,,,,,,,,,
329,Motinea,Core Systems (Anglo-Japanese Arm),,Ross 128 System,Ross 128,,Terrestrial,,,,Breathable,,Human,,,,,,,,,,,,,,,,,,,,,,,,,,,,,,,,,,,,,,,,,,,,,,,,,,,,,,,,,,,,,,,,,,,,,,,,,,,,,,,,,,,
330,78 Nu Ceti III,Uncharted Space,,Nu Ceti System,Nu Ceti A & B,,,,,,Breathable,,Human,,,,,,,,,,,,,,,,,,,,,,,,,,,,,,,,,,,,,,,,,,,,,,,,,,,,,,,,,,,,,,,,,,,,,,,,,,,,,,,,,,,
331,52 Tau Ceti II,Outer Veil (UPP Sector),,Tau Ceti System,Tau Ceti,,,Ezell ASFBTrobriands region,,,Breathable,,Human,,,,,,,,,,,,,,,,,,,,,,,,,,,,,,,,,,,,,,,,,,,,,,,,,,,,,,,,,,,,,,,,,,,,,,,,,,,,,,,,,,,
332,,,,,,,,,,,,,,,,,,,,,,,,,,,,,,,,,,,,,,,,,,,,,,,,,,,,,,,,,,,,,,,,,,,,,,,,,,,,,,,,,,,,,,,,,,,,,,,,
333,,,,,,,,,,,,,,,,,,,,,,,,,,,,,,,,,,,,,,,,,,,,,,,,,,,,,,,,,,,,,,,,,,,,,,,,,,,,,,,,,,,,,,,,,,,,,,,,
334,Nivalis-4,Outer Rim (American Arm),Crestus Prime Cluster,HR 7722 system,HR 7722,,Terrestrial,Weyland-Yutani Artificial Humanoid Fabrication PlantXenomorph Cavern,,Icy plains,Breathable,Cold,Humans (formerly)Xenomorph,,,,,,,,,,,,,,,,,,,,,,,,,,,,,,,,,,,,,,,,,,,,,,,,,,,,,,,,,,,,,,,,,,,,,,,,,,,,,,,,,,,
335,,,,,,,,,,,,,,,,,,,,,,,,,,,,,,,,,,,,,,,,,,,,,,,,,,,,,,,,,,,,,,,,,,,,,,,,,,,,,,,,,,,,,,,,,,,,,,,,
336,,,,,,,,,,,,,,,,,,,,,,,,,,,,,,,,,,,,,,,,,,,,,,,,,,,,,,,,,,,,,,,,,,,,,,,,,,,,,,,,,,,,,,,,,,,,,,,,
337,PCW9512,,,,1,,,Single Landmass on surface,,,,,ApetoidsPteras,,,,,,,,,,,,,,,,,,,,,,,,,,,,,,,,,,,,,,,,,,,,,,,,,,,,,,,,,,,,,,,,,,,,,,,,,,,,,,,,,,,
338,Planet-4,,Sector 87,,,2,Unchartered,,,,19.5% Oxygen 79.4% Nitrogen,,NeomorphsPraetomorphs,,,,,,,,,,,,,,,,,,,,,,,,,,,,,,,,,,,,,,,,,,,,,,,,,,,,,,,,,,,,,,,,,,,,,,,,,,,,,,,,,,,
339,Pluto,,,Solar System,Sun,Charon,Terrestrial,,,,NitrogenCarbon MonoxideMethane,,,"2,306 km",153.3 hours,248 years,,,,,,,,,,,,,,,,,,,,,,,,,,,,,,,,,,,,,,,,,,,,,,,,,,,,,,,,,,,,,,,,,,,,,,,,,,,,,,,,
340,,,,,,,,,,,,,,,,,,,,,,,,,,,,,,,,,,,,,,,,,,,,,,,,,,,,,,,,,,,,,,,,,,,,,,,,,,,,,,,,,,,,,,,,,,,,,,,,
341,,,,,,,,,,,,,,,,,,,,,,,,,,,,,,,,,,,,,,,,,,,,,,,,,,,,,,,,,,,,,,,,,,,,,,,,,,,,,,,,,,,,,,,,,,,,,,,,
342,Pylos,,,34099x788*PPelops system,,,Gas Giant,,,,,,,,,,,,,,,,,,,,,,,,,,,,,,,,,,,,,,,,,,,,,,,,,,,,,,,,,,,,,,,,,,,,,,,,,,,,,,,,,,,,,,,,,
343,,,,,,,,,,,,,,,,,,,,,,,,,,,,,,,,,,,,,,,,,,,,,,,,,,,,,,,,,,,,,,,,,,,,,,,,,,,,,,,,,,,,,,,,,,,,,,,,
344,,,,,,,,,,,,,,,,,,,,,,,,,,,,,,,,,,,,,,,,,,,,,,,,,,,,,,,,,,,,,,,,,,,,,,,,,,,,,,,,,,,,,,,,,,,,,,,,
345,,,,,,,,,,,,,,,,,,,,,,,,,,,,,,,,,,,,,,,,,,,,,,,,,,,,,,,,,,,,,,,,,,,,,,,,,,,,,,,,,,,,,,,,,,,,,,,,
346,Rim,Outer Rim (Anglo-Japanese Arm),Sector 949,Gliese 1105 system,Gliese 1105,,Terrestrial,Rim colonyAtmospheric Processor,,,Breathable,Rainy,Humans (formerly)Xenomorph (formerly),,,,,,,,,,,,,,,,,,,,,,,,,,,,,,,,,,,,,,,,,,,,,,,,,,,,,,,,,,,,,,,,,,,,,,,,,,,,,,,,,,,
347,,,,,,,,,,,,,,,,,,,,,,,,,,,,,,,,,,,,,,,,,,,,,,,,,,,,,,,,,,,,,,,,,,,,,,,,,,,,,,,,,,,,,,,,,,,,,,,,
348,,,,,,,,,,,,,,,,,,,,,,,,,,,,,,,,,,,,,,,,,,,,,,,,,,,,,,,,,,,,,,,,,,,,,,,,,,,,,,,,,,,,,,,,,,,,,,,,
349,Ryushi,,,Beta Cygni,2,,,Prosperity WellsRyushi Queen,,Desertous,,Arid,RhynthBriar wolfJack-lizardFire-walkerHuman,,,,,,,,,,,,,,,,,,,,,,,,,,,,,,,,,,,,,,,,,,,,,,,,,,,,,,,,,,,,,,,,,,,,,,,,,,,,,,,,,,,
350,,,,,,,,,,,,,,,,,,,,,,,,,,,,,,,,,,,,,,,,,,,,,,,,,,,,,,,,,,,,,,,,,,,,,,,,,,,,,,,,,,,,,,,,,,,,,,,,
351,,,,,,,,,,,,,,,,,,,,,,,,,,,,,,,,,,,,,,,,,,,,,,,,,,,,,,,,,,,,,,,,,,,,,,,,,,,,,,,,,,,,,,,,,,,,,,,,
352,,,,,,,,,,,,,,,,,,,,,,,,,,,,,,,,,,,,,,,,,,,,,,,,,,,,,,,,,,,,,,,,,,,,,,,,,,,,,,,,,,,,,,,,,,,,,,,,
353,Saturn,,,Solar System,Sol,MimasEnceladusTethysDioneRheaTitanHyperionIapetusPhoebeNumerous others,Gas Giant,,,,"96% hydrogen, 3% helium, 1% others (ammonia, acetylene, ethane, propane, phosphine, methane, etc.)",,,"57,316 km",10 hours 42 minutes,29.4 years,,,,,,,,,,,,,,,,,,,,,,,,,,,,,,,,,,,,,,,,,,,,,,,,,,,,,,,,,,,,,,,,,,,,,,,,,,,,,,,,
354,,,,,,,,,,,,,,,,,,,,,,,,,,,,,,,,,,,,,,,,,,,,,,,,,,,,,,,,,,,,,,,,,,,,,,,,,,,,,,,,,,,,,,,,,,,,,,,,
355,,,,,,,,,,,,,,,,,,,,,,,,,,,,,,,,,,,,,,,,,,,,,,,,,,,,,,,,,,,,,,,,,,,,,,,,,,,,,,,,,,,,,,,,,,,,,,,,
356,Alpha Caeli Vb-h,Frontier (American Arm),Far Reach,Alpha Caeli System,Alpha Caeli V A & B,,Terrestrial,USCMC Garrison (Alpha Caeli Vg)Seegson OfficesVarious Mining Colonies,Alpha Caeli V,,,,Human,,,,,,,,,,,,,,,,,,,,,,,,,,,,,,,,,,,,,,,,,,,,,,,,,,,,,,,,,,,,,,,,,,,,,,,,,,,,,,,,,,,
357,,,,,,,,,,,,,,,,,,,,,,,,,,,,,,,,,,,,,,,,,,,,,,,,,,,,,,,,,,,,,,,,,,,,,,,,,,,,,,,,,,,,,,,,,,,,,,,,
358,Delta Pavonis IV,Outer Rim (American Arm),Cerberus Sector,Delta Pavonis System,Delta Pavonis,,,USCMC Garrison,,,Breathable,,Human,,,,,,,,,,,,,,,,,,,,,,,,,,,,,,,,,,,,,,,,,,,,,,,,,,,,,,,,,,,,,,,,,,,,,,,,,,,,,,,,,,,
359,Tanaka 5,,,,1,1,Terrestrial,Unnamed human colonySector AlphaSector 27Xenomorph Hive,,Rocky deserts,Breathable,Presumably quite hot,HumansTanaka 5 ScorpionsXenomorphs,,,,,,,,,,,,,,,,,,,,,,,,,,,,,,,,,,,,,,,,,,,,,,,,,,,,,,,,,,,,,,,,,,,,,,,,,,,,,,,,,,,
360,NN3346-5,Frontier (American Arm),Far Reach of the American Arm,NN3346 System,NN3346 (Tanaka),,,Underground ruins (rumored),,Terrestrial,Breathable,Desertic,Tanakan Scorpionids,,,,,,,,,,,,,,,,,,,,,,,,,,,,,,,,,,,,,,,,,,,,,,,,,,,,,,,,,,,,,,,,,,,,,,,,,,,,,,,,,,,
361,Tartarus,,,,,,Aquatic,,,,Breathable,,Yautja (non-native),,,,,,,,,,,,,,,,,,,,,,,,,,,,,,,,,,,,,,,,,,,,,,,,,,,,,,,,,,,,,,,,,,,,,,,,,,,,,,,,,,,
362,TerraForm 3,,,,1,1,Terrestrial,Unnamed Earth colonyTuva SettlementRanches,,"Rocky deserts, grassy farmlands, small seas, and a large ocean",Breathable,Presumably rather hot,HumansBovinesSnakesMantidsXenomorphs (formerly),,,,,,,,,,,,,,,,,,,,,,,,,,,,,,,,,,,,,,,,,,,,,,,,,,,,,,,,,,,,,,,,,,,,,,,,,,,,,,,,,,,
363,Gamma Leporis A3,Frontier (American Arm),Near Tartarus Sector,Gamma Leporis System,Gamma Leporis A,,,Steer CityVarious FarmsAtmosphere Processing PlantSpaceport,,Terrestrial,Breathable (Terraformed),,Human,,,,,,,,,,,,,,,,,,,,,,,,,,,,,,,,,,,,,,,,,,,,,,,,,,,,,,,,,,,,,,,,,,,,,,,,,,,,,,,,,,,
364,Thedus,Frontier (American Arm),Far Reach of the American Arm,Epsilon Reticuli System,Epsilon Reticuli A & B,,Terrestrial,USCMC GarrisonWeyland-Yutani Offices,,Mountains and Canyons,Breathable,Cold thin atmosphere,Human,,,,,,,,,,,,,,,,,,,,,,,,,,,,,,,,,,,,,,,,,,,,,,,,,,,,,,,,,,,,,,,,,,,,,,,,,,,,,,,,,,,
365,,,,,,,,,,,,,,,,,,,,,,,,,,,,,,,,,,,,,,,,,,,,,,,,,,,,,,,,,,,,,,,,,,,,,,,,,,,,,,,,,,,,,,,,,,,,,,,,
366,8 Eta Boötis A III,Outer Rim,Borodino Sector,Eta Boötis System,Eta Boötis A,,Terrestrial,Tientsin Colony and several small independent groupings,,"Island chains with dense jungles, wetlands and deep alkaline seas",Breathable,"Hot and humid, rain storms",Humans,,,,,,,,,,,,,,,,,,,,,,,,,,,,,,,,,,,,,,,,,,,,,,,,,,,,,,,,,,,,,,,,,,,,,,,,,,,,,,,,,,,
367,Tirgu-Mires,Frontier (American Arm),Far Reach of the American Arm,Gliese 1401 system,Gliese 1401B,,Terrestrial,ColonyInfamous CaveWell's ChurchEngineer Ship,,ForestDesert,Breathable,,HumansEngineer (formerly)Xenomorph (formerly)Wraith (formerly),,,,,,,,,,,,,,,,,,,,,,,,,,,,,,,,,,,,,,,,,,,,,,,,,,,,,,,,,,,,,,,,,,,,,,,,,,,,,,,,,,,
368,Torin Prime,Outer Rim (American Arm),Tartarus Sector,Gliese 229 System,Gliese 229A,,Terrestrial,Concentration Camp GR-161,,Mountainous glades and high peaks,Breathable,"Semi arid, rainy summers and dry winters",Human,,,,,,,,,,,,,,,,,,,,,,,,,,,,,,,,,,,,,,,,,,,,,,,,,,,,,,,,,,,,,,,,,,,,,,,,,,,,,,,,,,,
369,Unidentified Moon (Third Base),Core Systems,Sol Sector,Classified,Unknown,,Terrestrial,USCMC Third BaseCivilian Colony,,Barren wasteland,Breathable,Torrential downpour and electrical storms,Humans (formerly)Xenomorph,,,,,,,,,,,,,,,,,,,,,,,,,,,,,,,,,,,,,,,,,,,,,,,,,,,,,,,,,,,,,,,,,,,,,,,,,,,,,,,,,,,
370,,,,,,,,,,,,,,,,,,,,,,,,,,,,,,,,,,,,,,,,,,,,,,,,,,,,,,,,,,,,,,,,,,,,,,,,,,,,,,,,,,,,,,,,,,,,,,,,
371,Vega 4,Lyra constellation,,,,Two,Terrestrial,New Shanghai,,Just like Earth,Breathable by Humans,,Humans (not indigenous)Xenomorphs (not indigenous)Yautjas (not indigenous),,,,,,,,,,,,,,,,,,,,,,,,,,,,,,,,,,,,,,,,,,,,,,,,,,,,,,,,,,,,,,,,,,,,,,,,,,,,,,,,,,,
372,Xarem,,,,,,,Xarem Corporation nickel refinery,,Contains nickel,,,Humans (migrated),,,,,,,,,,,,,,,,,,,,,,,,,,,,,,,,,,,,,,,,,,,,,,,,,,,,,,,,,,,,,,,,,,,,,,,,,,,,,,,,,,,
373,G-435 (Achilles 2.4),"Far Reach, Uncharted Space",Sector 117,Achilles System (Psi Velorum),Achilles 1 & 2,,Terrestrial,Xenomorphs Queen Mother Hive and dozens of others hives.,,"Wasteland, shallow swamps and salty seas with minimal vegetation.",Barely Breathable,Hot and humid,XenomorphUnidentified Flying SpeciesUnnamed Xenomorph Predators,,,,,,,,,,,,,,,,,,,,,,,,,,,,,,,,,,,,,,,,,,,,,,,,,,,,,,,,,,,,,,,,,,,,,,,,,,,,,,,,,,,
374,Yautja Prime,,,,2,,Terrestrial,,,"Cities, Deserts, Swamps, Forests, Jungles, Savannas",Breathable,,YautjaBerserker Yautja Vy'drachsPredator HoundsK'yipsasQuatza-RijsPredator HorsesBlood-pigs,,,,,,,,,,,,,,,,,,,,,,,,,,,,,,,,,,,,,,,,,,,,,,,,,,,,,,,,,,,,,,,,,,,,,,,,,,,,,,,,,,,
375,Zagreus,,,NN3637,2,,Earth-like,Zagreus (Colony)SeasteadsWoodlandsWetlands,,Woodlands Wetlands  Grasslands Polar ice caps Mountains coast,Breathable,Diverse,Lion-wormSnuffle-squirrelZagreus-HippoHuman (Colonized)Xenomorph (Introduced),,,,,,,,,,,,,,,,,,,,,,,,,,,,,,,,,,,,,,,,,,,,,,,,,,,,,,,,,,,,,,,,,,,,,,,,,,,,,,,,,,,
376,,,,,,,,,,,,,,,,,,,,,,,,,,,,,,,,,,,,,,,,,,,,,,,,,,,,,,,,,,,,,,,,,,,,,,,,,,,,,,,,,,,,,,,,,,,,,,,,
377,,,,,,,,,,,,,,,,,,,,,,,,,,,,,,,,,,,,,,,,,,,,,,,,,,,,,,,,,,,,,,,,,,,,,,,,,,,,,,,,,,,,,,,,,,,,,,,,
378,,,,,,,,,,,,,,,,,,,,,,,,,,,,,,,,,,,,,,,,,,,,,,,,,,,,,,,,,,,,,,,,,,,,,,,,,,,,,,,,,,,,,,,,,,,,,,,,
379,,,,,,,,,,,,,,,,,,,,,,,,,,,,,,,,,,,,,,,,,,,,,,,,,,,,,,,,,,,,,,,,,,,,,,,,,,,,,,,,,,,,,,,,,,,,,,,,
380,Rim,Outer Rim (Anglo-Japanese Arm),Sector 949,Gliese 1105 system,Gliese 1105,,Terrestrial,Rim colonyAtmospheric Processor,,,Breathable,Rainy,Humans (formerly)Xenomorph (formerly),,,,,,,,,,,,,,,,,,,,,,,,,,,,,,,,,,,,,,,,,,,,,,,,,,,,,,,,,,,,,,,,,,,,,,,,,,,,,,,,,,,
381,,,,,,,,,,,,,,,,,,,,,,,,,,,,,,,,,,,,,,,,,,,,,,,,,,,,,,,,,,,,,,,,,,,,,,,,,,,,,,,,,,,,,,,,,,,,,,,,
382,,,,,,,,,,,,,,,,,,,,,,,,,,,,,,,,,,,,,,,,,,,,,,,,,,,,,,,,,,,,,,,,,,,,,,,,,,,,,,,,,,,,,,,,,,,,,,,,
383,Ryushi,,,Beta Cygni,2,,,Prosperity WellsRyushi Queen,,Desertous,,Arid,RhynthBriar wolfJack-lizardFire-walkerHuman,,,,,,,,,,,,,,,,,,,,,,,,,,,,,,,,,,,,,,,,,,,,,,,,,,,,,,,,,,,,,,,,,,,,,,,,,,,,,,,,,,,
384,,,,,,,,,,,,,,,,,,,,,,,,,,,,,,,,,,,,,,,,,,,,,,,,,,,,,,,,,,,,,,,,,,,,,,,,,,,,,,,,,,,,,,,,,,,,,,,,
385,,,,,,,,,,,,,,,,,,,,,,,,,,,,,,,,,,,,,,,,,,,,,,,,,,,,,,,,,,,,,,,,,,,,,,,,,,,,,,,,,,,,,,,,,,,,,,,,
386,,,,,,,,,,,,,,,,,,,,,,,,,,,,,,,,,,,,,,,,,,,,,,,,,,,,,,,,,,,,,,,,,,,,,,,,,,,,,,,,,,,,,,,,,,,,,,,,
387,Saturn,,,Solar System,Sol,MimasEnceladusTethysDioneRheaTitanHyperionIapetusPhoebeNumerous others,Gas Giant,,,,"96% hydrogen, 3% helium, 1% others (ammonia, acetylene, ethane, propane, phosphine, methane, etc.)",,,"57,316 km",10 hours 42 minutes,29.4 years,,,,,,,,,,,,,,,,,,,,,,,,,,,,,,,,,,,,,,,,,,,,,,,,,,,,,,,,,,,,,,,,,,,,,,,,,,,,,,,,
388,,,,,,,,,,,,,,,,,,,,,,,,,,,,,,,,,,,,,,,,,,,,,,,,,,,,,,,,,,,,,,,,,,,,,,,,,,,,,,,,,,,,,,,,,,,,,,,,
389,,,,,,,,,,,,,,,,,,,,,,,,,,,,,,,,,,,,,,,,,,,,,,,,,,,,,,,,,,,,,,,,,,,,,,,,,,,,,,,,,,,,,,,,,,,,,,,,
390,Alpha Caeli Vb-h,Frontier (American Arm),Far Reach,Alpha Caeli System,Alpha Caeli V A & B,,Terrestrial,USCMC Garrison (Alpha Caeli Vg)Seegson OfficesVarious Mining Colonies,Alpha Caeli V,,,,Human,,,,,,,,,,,,,,,,,,,,,,,,,,,,,,,,,,,,,,,,,,,,,,,,,,,,,,,,,,,,,,,,,,,,,,,,,,,,,,,,,,,
391,,,,,,,,,,,,,,,,,,,,,,,,,,,,,,,,,,,,,,,,,,,,,,,,,,,,,,,,,,,,,,,,,,,,,,,,,,,,,,,,,,,,,,,,,,,,,,,,
392,Delta Pavonis IV,Outer Rim (American Arm),Cerberus Sector,Delta Pavonis System,Delta Pavonis,,,USCMC Garrison,,,Breathable,,Human,,,,,,,,,,,,,,,,,,,,,,,,,,,,,,,,,,,,,,,,,,,,,,,,,,,,,,,,,,,,,,,,,,,,,,,,,,,,,,,,,,,
393,Tanaka 5,,,,1,1,Terrestrial,Unnamed human colonySector AlphaSector 27Xenomorph Hive,,Rocky deserts,Breathable,Presumably quite hot,HumansTanaka 5 ScorpionsXenomorphs,,,,,,,,,,,,,,,,,,,,,,,,,,,,,,,,,,,,,,,,,,,,,,,,,,,,,,,,,,,,,,,,,,,,,,,,,,,,,,,,,,,
394,NN3346-5,Frontier (American Arm),Far Reach of the American Arm,NN3346 System,NN3346 (Tanaka),,,Underground ruins (rumored),,Terrestrial,Breathable,Desertic,Tanakan Scorpionids,,,,,,,,,,,,,,,,,,,,,,,,,,,,,,,,,,,,,,,,,,,,,,,,,,,,,,,,,,,,,,,,,,,,,,,,,,,,,,,,,,,
395,Tartarus,,,,,,Aquatic,,,,Breathable,,Yautja (non-native),,,,,,,,,,,,,,,,,,,,,,,,,,,,,,,,,,,,,,,,,,,,,,,,,,,,,,,,,,,,,,,,,,,,,,,,,,,,,,,,,,,
396,TerraForm 3,,,,1,1,Terrestrial,Unnamed Earth colonyTuva SettlementRanches,,"Rocky deserts, grassy farmlands, small seas, and a large ocean",Breathable,Presumably rather hot,HumansBovinesSnakesMantidsXenomorphs (formerly),,,,,,,,,,,,,,,,,,,,,,,,,,,,,,,,,,,,,,,,,,,,,,,,,,,,,,,,,,,,,,,,,,,,,,,,,,,,,,,,,,,
397,Gamma Leporis A3,Frontier (American Arm),Near Tartarus Sector,Gamma Leporis System,Gamma Leporis A,,,Steer CityVarious FarmsAtmosphere Processing PlantSpaceport,,Terrestrial,Breathable (Terraformed),,Human,,,,,,,,,,,,,,,,,,,,,,,,,,,,,,,,,,,,,,,,,,,,,,,,,,,,,,,,,,,,,,,,,,,,,,,,,,,,,,,,,,,
398,Thedus,Frontier (American Arm),Far Reach of the American Arm,Epsilon Reticuli System,Epsilon Reticuli A & B,,Terrestrial,USCMC GarrisonWeyland-Yutani Offices,,Mountains and Canyons,Breathable,Cold thin atmosphere,Human,,,,,,,,,,,,,,,,,,,,,,,,,,,,,,,,,,,,,,,,,,,,,,,,,,,,,,,,,,,,,,,,,,,,,,,,,,,,,,,,,,,
399,,,,,,,,,,,,,,,,,,,,,,,,,,,,,,,,,,,,,,,,,,,,,,,,,,,,,,,,,,,,,,,,,,,,,,,,,,,,,,,,,,,,,,,,,,,,,,,,
400,8 Eta Boötis A III,Outer Rim,Borodino Sector,Eta Boötis System,Eta Boötis A,,Terrestrial,Tientsin Colony and several small independent groupings,,"Island chains with dense jungles, wetlands and deep alkaline seas",Breathable,"Hot and humid, rain storms",Humans,,,,,,,,,,,,,,,,,,,,,,,,,,,,,,,,,,,,,,,,,,,,,,,,,,,,,,,,,,,,,,,,,,,,,,,,,,,,,,,,,,,
401,Tirgu-Mires,Frontier (American Arm),Far Reach of the American Arm,Gliese 1401 system,Gliese 1401B,,Terrestrial,ColonyInfamous CaveWell's ChurchEngineer Ship,,ForestDesert,Breathable,,HumansEngineer (formerly)Xenomorph (formerly)Wraith (formerly),,,,,,,,,,,,,,,,,,,,,,,,,,,,,,,,,,,,,,,,,,,,,,,,,,,,,,,,,,,,,,,,,,,,,,,,,,,,,,,,,,,
402,Torin Prime,Outer Rim (American Arm),Tartarus Sector,Gliese 229 System,Gliese 229A,,Terrestrial,Concentration Camp GR-161,,Mountainous glades and high peaks,Breathable,"Semi arid, rainy summers and dry winters",Human,,,,,,,,,,,,,,,,,,,,,,,,,,,,,,,,,,,,,,,,,,,,,,,,,,,,,,,,,,,,,,,,,,,,,,,,,,,,,,,,,,,
403,Unidentified Moon (Third Base),Core Systems,Sol Sector,Classified,Unknown,,Terrestrial,USCMC Third BaseCivilian Colony,,Barren wasteland,Breathable,Torrential downpour and electrical storms,Humans (formerly)Xenomorph,,,,,,,,,,,,,,,,,,,,,,,,,,,,,,,,,,,,,,,,,,,,,,,,,,,,,,,,,,,,,,,,,,,,,,,,,,,,,,,,,,,
404,,,,,,,,,,,,,,,,,,,,,,,,,,,,,,,,,,,,,,,,,,,,,,,,,,,,,,,,,,,,,,,,,,,,,,,,,,,,,,,,,,,,,,,,,,,,,,,,
405,Vega 4,Lyra constellation,,,,Two,Terrestrial,New Shanghai,,Just like Earth,Breathable by Humans,,Humans (not indigenous)Xenomorphs (not indigenous)Yautjas (not indigenous),,,,,,,,,,,,,,,,,,,,,,,,,,,,,,,,,,,,,,,,,,,,,,,,,,,,,,,,,,,,,,,,,,,,,,,,,,,,,,,,,,,
406,Xarem,,,,,,,Xarem Corporation nickel refinery,,Contains nickel,,,Humans (migrated),,,,,,,,,,,,,,,,,,,,,,,,,,,,,,,,,,,,,,,,,,,,,,,,,,,,,,,,,,,,,,,,,,,,,,,,,,,,,,,,,,,
407,G-435 (Achilles 2.4),"Far Reach, Uncharted Space",Sector 117,Achilles System (Psi Velorum),Achilles 1 & 2,,Terrestrial,Xenomorphs Queen Mother Hive and dozens of others hives.,,"Wasteland, shallow swamps and salty seas with minimal vegetation.",Barely Breathable,Hot and humid,XenomorphUnidentified Flying SpeciesUnnamed Xenomorph Predators,,,,,,,,,,,,,,,,,,,,,,,,,,,,,,,,,,,,,,,,,,,,,,,,,,,,,,,,,,,,,,,,,,,,,,,,,,,,,,,,,,,
408,Yautja Prime,,,,2,,Terrestrial,,,"Cities, Deserts, Swamps, Forests, Jungles, Savannas",Breathable,,YautjaBerserker Yautja Vy'drachsPredator HoundsK'yipsasQuatza-RijsPredator HorsesBlood-pigs,,,,,,,,,,,,,,,,,,,,,,,,,,,,,,,,,,,,,,,,,,,,,,,,,,,,,,,,,,,,,,,,,,,,,,,,,,,,,,,,,,,
409,Zagreus,,,NN3637,2,,Earth-like,Zagreus (Colony)SeasteadsWoodlandsWetlands,,Woodlands Wetlands  Grasslands Polar ice caps Mountains coast,Breathable,Diverse,Lion-wormSnuffle-squirrelZagreus-HippoHuman (Colonized)Xenomorph (Introduced),,,,,,,,,,,,,,,,,,,,,,,,,,,,,,,,,,,,,,,,,,,,,,,,,,,,,,,,,,,,,,,,,,,,,,,,,,,,,,,,,,,
410,,,,,,,,,,,,,,,,,,,,,,,,,,,,,,,,,,,,,,,,,,,,,,,,,,,,,,,,,,,,,,,,,,,,,,,,,,,,,,,,,,,,,,,,,,,,,,,,
411,Xarem,,,,,,,Xarem Corporation nickel refinery,,Contains nickel,,,Humans (migrated),,,,,,,,,,,,,,,,,,,,,,,,,,,,,,,,,,,,,,,,,,,,,,,,,,,,,,,,,,,,,,,,,,,,,,,,,,,,,,,,,,,
412,G-435 (Achilles 2.4),"Far Reach, Uncharted Space",Sector 117,Achilles System (Psi Velorum),Achilles 1 & 2,,Terrestrial,Xenomorphs Queen Mother Hive and dozens of others hives.,,"Wasteland, shallow swamps and salty seas with minimal vegetation.",Barely Breathable,Hot and humid,XenomorphUnidentified Flying SpeciesUnnamed Xenomorph Predators,,,,,,,,,,,,,,,,,,,,,,,,,,,,,,,,,,,,,,,,,,,,,,,,,,,,,,,,,,,,,,,,,,,,,,,,,,,,,,,,,,,
413,Yautja Prime,,,,2,,Terrestrial,,,"Cities, Deserts, Swamps, Forests, Jungles, Savannas",Breathable,,YautjaBerserker Yautja Vy'drachsPredator HoundsK'yipsasQuatza-RijsPredator HorsesBlood-pigs,,,,,,,,,,,,,,,,,,,,,,,,,,,,,,,,,,,,,,,,,,,,,,,,,,,,,,,,,,,,,,,,,,,,,,,,,,,,,,,,,,,
414,Zagreus,,,NN3637,2,,Earth-like,Zagreus (Colony)SeasteadsWoodlandsWetlands,,Woodlands Wetlands  Grasslands Polar ice caps Mountains coast,Breathable,Diverse,Lion-wormSnuffle-squirrelZagreus-HippoHuman (Colonized)Xenomorph (Introduced),,,,,,,,,,,,,,,,,,,,,,,,,,,,,,,,,,,,,,,,,,,,,,,,,,,,,,,,,,,,,,,,,,,,,,,,,,,,,,,,,,,
415,,,,,,,,,,,,,,,,,,,,,,,,,,,,,,,,,,,,,,,,,,,,,,,,,,,,,,,,,,,,,,,,,,,,,,,,,,,,,,,,,,,,,,,,,,,,,,,,
